"histology_abbreviation","Sum","Freq_mut","percent_mut","percent_whole","cell_type","regulator","pathway","pathway_new"
"Skin-Melanoma",106,39,0.367924528301887,0.0952380952380952,"GammadeltaTcells","neg","Cellular Amino Acid Metabolic Process","Cellular Amino Acid Metabolic Process"
"ColoRect-AdenoCA",52,12,0.230769230769231,0.0952380952380952,"GammadeltaTcells","neg","Cellular Amino Acid Metabolic Process","Cellular Amino Acid Metabolic Process"
"Head-SCC",57,13,0.228070175438596,0.0952380952380952,"GammadeltaTcells","neg","Cellular Amino Acid Metabolic Process","Cellular Amino Acid Metabolic Process"
"Lung-SCC",48,10,0.208333333333333,0.0952380952380952,"GammadeltaTcells","neg","Cellular Amino Acid Metabolic Process","Cellular Amino Acid Metabolic Process"
"Eso-AdenoCA",98,19,0.193877551020408,0.0952380952380952,"GammadeltaTcells","neg","Cellular Amino Acid Metabolic Process","Cellular Amino Acid Metabolic Process"
"Lung-AdenoCA",38,7,0.184210526315789,0.0952380952380952,"GammadeltaTcells","neg","Cellular Amino Acid Metabolic Process","Cellular Amino Acid Metabolic Process"
"Bladder-TCC",23,3,0.130434782608696,0.0952380952380952,"GammadeltaTcells","neg","Cellular Amino Acid Metabolic Process","Cellular Amino Acid Metabolic Process"
"Kidney-RCC",143,18,0.125874125874126,0.0952380952380952,"GammadeltaTcells","neg","Cellular Amino Acid Metabolic Process","Cellular Amino Acid Metabolic Process"
"Biliary-AdenoCA",33,4,0.121212121212121,0.0952380952380952,"GammadeltaTcells","neg","Cellular Amino Acid Metabolic Process","Cellular Amino Acid Metabolic Process"
"Liver-HCC",315,37,0.117460317460317,0.0952380952380952,"GammadeltaTcells","neg","Cellular Amino Acid Metabolic Process","Cellular Amino Acid Metabolic Process"
"Cervix-SCC",18,2,0.111111111111111,0.0952380952380952,"GammadeltaTcells","neg","Cellular Amino Acid Metabolic Process","Cellular Amino Acid Metabolic Process"
"Stomach-AdenoCA",69,7,0.101449275362319,0.0952380952380952,"GammadeltaTcells","neg","Cellular Amino Acid Metabolic Process","Cellular Amino Acid Metabolic Process"
"Bone-Epith",10,1,0.1,0.0952380952380952,"GammadeltaTcells","neg","Cellular Amino Acid Metabolic Process","Cellular Amino Acid Metabolic Process"
"Uterus-AdenoCA",40,4,0.1,0.0952380952380952,"GammadeltaTcells","neg","Cellular Amino Acid Metabolic Process","Cellular Amino Acid Metabolic Process"
"Ovary-AdenoCA",112,11,0.0982142857142857,0.0952380952380952,"GammadeltaTcells","neg","Cellular Amino Acid Metabolic Process","Cellular Amino Acid Metabolic Process"
"Lymph-BNHL",107,9,0.0841121495327103,0.0952380952380952,"GammadeltaTcells","neg","Cellular Amino Acid Metabolic Process","Cellular Amino Acid Metabolic Process"
"Breast-AdenoCA",198,14,0.0707070707070707,0.0952380952380952,"GammadeltaTcells","neg","Cellular Amino Acid Metabolic Process","Cellular Amino Acid Metabolic Process"
"Panc-Endocrine",85,6,0.0705882352941176,0.0952380952380952,"GammadeltaTcells","neg","Cellular Amino Acid Metabolic Process","Cellular Amino Acid Metabolic Process"
"SoftTissue-Leiomyo",15,1,0.0666666666666667,0.0952380952380952,"GammadeltaTcells","neg","Cellular Amino Acid Metabolic Process","Cellular Amino Acid Metabolic Process"
"Panc-AdenoCA",237,14,0.0590717299578059,0.0952380952380952,"GammadeltaTcells","neg","Cellular Amino Acid Metabolic Process","Cellular Amino Acid Metabolic Process"
"SoftTissue-Liposarc",19,1,0.0526315789473684,0.0952380952380952,"GammadeltaTcells","neg","Cellular Amino Acid Metabolic Process","Cellular Amino Acid Metabolic Process"
"CNS-GBM",41,2,0.048780487804878,0.0952380952380952,"GammadeltaTcells","neg","Cellular Amino Acid Metabolic Process","Cellular Amino Acid Metabolic Process"
"Lymph-CLL",95,4,0.0421052631578947,0.0952380952380952,"GammadeltaTcells","neg","Cellular Amino Acid Metabolic Process","Cellular Amino Acid Metabolic Process"
"Prost-AdenoCA",210,8,0.0380952380952381,0.0952380952380952,"GammadeltaTcells","neg","Cellular Amino Acid Metabolic Process","Cellular Amino Acid Metabolic Process"
"Bone-Osteosarc",38,1,0.0263157894736842,0.0952380952380952,"GammadeltaTcells","neg","Cellular Amino Acid Metabolic Process","Cellular Amino Acid Metabolic Process"
"Kidney-ChRCC",45,1,0.0222222222222222,0.0952380952380952,"GammadeltaTcells","neg","Cellular Amino Acid Metabolic Process","Cellular Amino Acid Metabolic Process"
"CNS-Medullo",146,2,0.0136986301369863,0.0952380952380952,"GammadeltaTcells","neg","Cellular Amino Acid Metabolic Process","Cellular Amino Acid Metabolic Process"
"Bone-Benign",16,0,0,0.0952380952380952,"GammadeltaTcells","neg","Cellular Amino Acid Metabolic Process","Cellular Amino Acid Metabolic Process"
"Breast-DCIS",3,0,0,0.0952380952380952,"GammadeltaTcells","neg","Cellular Amino Acid Metabolic Process","Cellular Amino Acid Metabolic Process"
"Breast-LobularCA",13,0,0,0.0952380952380952,"GammadeltaTcells","neg","Cellular Amino Acid Metabolic Process","Cellular Amino Acid Metabolic Process"
"Cervix-AdenoCA",2,0,0,0.0952380952380952,"GammadeltaTcells","neg","Cellular Amino Acid Metabolic Process","Cellular Amino Acid Metabolic Process"
"CNS-Oligo",18,0,0,0.0952380952380952,"GammadeltaTcells","neg","Cellular Amino Acid Metabolic Process","Cellular Amino Acid Metabolic Process"
"CNS-PiloAstro",89,0,0,0.0952380952380952,"GammadeltaTcells","neg","Cellular Amino Acid Metabolic Process","Cellular Amino Acid Metabolic Process"
"Myeloid-AML",13,0,0,0.0952380952380952,"GammadeltaTcells","neg","Cellular Amino Acid Metabolic Process","Cellular Amino Acid Metabolic Process"
"Myeloid-MDS",2,0,0,0.0952380952380952,"GammadeltaTcells","neg","Cellular Amino Acid Metabolic Process","Cellular Amino Acid Metabolic Process"
"Myeloid-MPN",23,0,0,0.0952380952380952,"GammadeltaTcells","neg","Cellular Amino Acid Metabolic Process","Cellular Amino Acid Metabolic Process"
"Thy-AdenoCA",48,0,0,0.0952380952380952,"GammadeltaTcells","neg","Cellular Amino Acid Metabolic Process","Cellular Amino Acid Metabolic Process"
"Lung-SCC",48,5,0.104166666666667,0.0198095238095238,"GammadeltaTcells","neg","Transcription Initiation From Rna Polymerase Iii Promoter","Transcription Initiation from Pol III Promoter"
"ColoRect-AdenoCA",52,4,0.0769230769230769,0.0198095238095238,"GammadeltaTcells","neg","Transcription Initiation From Rna Polymerase Iii Promoter","Transcription Initiation from Pol III Promoter"
"Biliary-AdenoCA",33,2,0.0606060606060606,0.0198095238095238,"GammadeltaTcells","neg","Transcription Initiation From Rna Polymerase Iii Promoter","Transcription Initiation from Pol III Promoter"
"Cervix-SCC",18,1,0.0555555555555556,0.0198095238095238,"GammadeltaTcells","neg","Transcription Initiation From Rna Polymerase Iii Promoter","Transcription Initiation from Pol III Promoter"
"Head-SCC",57,3,0.0526315789473684,0.0198095238095238,"GammadeltaTcells","neg","Transcription Initiation From Rna Polymerase Iii Promoter","Transcription Initiation from Pol III Promoter"
"SoftTissue-Liposarc",19,1,0.0526315789473684,0.0198095238095238,"GammadeltaTcells","neg","Transcription Initiation From Rna Polymerase Iii Promoter","Transcription Initiation from Pol III Promoter"
"CNS-GBM",41,2,0.048780487804878,0.0198095238095238,"GammadeltaTcells","neg","Transcription Initiation From Rna Polymerase Iii Promoter","Transcription Initiation from Pol III Promoter"
"Skin-Melanoma",106,5,0.0471698113207547,0.0198095238095238,"GammadeltaTcells","neg","Transcription Initiation From Rna Polymerase Iii Promoter","Transcription Initiation from Pol III Promoter"
"Bladder-TCC",23,1,0.0434782608695652,0.0198095238095238,"GammadeltaTcells","neg","Transcription Initiation From Rna Polymerase Iii Promoter","Transcription Initiation from Pol III Promoter"
"Eso-AdenoCA",98,3,0.0306122448979592,0.0198095238095238,"GammadeltaTcells","neg","Transcription Initiation From Rna Polymerase Iii Promoter","Transcription Initiation from Pol III Promoter"
"Kidney-RCC",143,4,0.027972027972028,0.0198095238095238,"GammadeltaTcells","neg","Transcription Initiation From Rna Polymerase Iii Promoter","Transcription Initiation from Pol III Promoter"
"Lung-AdenoCA",38,1,0.0263157894736842,0.0198095238095238,"GammadeltaTcells","neg","Transcription Initiation From Rna Polymerase Iii Promoter","Transcription Initiation from Pol III Promoter"
"Uterus-AdenoCA",40,1,0.025,0.0198095238095238,"GammadeltaTcells","neg","Transcription Initiation From Rna Polymerase Iii Promoter","Transcription Initiation from Pol III Promoter"
"CNS-Medullo",146,3,0.0205479452054795,0.0198095238095238,"GammadeltaTcells","neg","Transcription Initiation From Rna Polymerase Iii Promoter","Transcription Initiation from Pol III Promoter"
"Lymph-BNHL",107,2,0.0186915887850467,0.0198095238095238,"GammadeltaTcells","neg","Transcription Initiation From Rna Polymerase Iii Promoter","Transcription Initiation from Pol III Promoter"
"Ovary-AdenoCA",112,2,0.0178571428571429,0.0198095238095238,"GammadeltaTcells","neg","Transcription Initiation From Rna Polymerase Iii Promoter","Transcription Initiation from Pol III Promoter"
"Prost-AdenoCA",210,3,0.0142857142857143,0.0198095238095238,"GammadeltaTcells","neg","Transcription Initiation From Rna Polymerase Iii Promoter","Transcription Initiation from Pol III Promoter"
"Liver-HCC",315,4,0.0126984126984127,0.0198095238095238,"GammadeltaTcells","neg","Transcription Initiation From Rna Polymerase Iii Promoter","Transcription Initiation from Pol III Promoter"
"Panc-AdenoCA",237,3,0.0126582278481013,0.0198095238095238,"GammadeltaTcells","neg","Transcription Initiation From Rna Polymerase Iii Promoter","Transcription Initiation from Pol III Promoter"
"Panc-Endocrine",85,1,0.0117647058823529,0.0198095238095238,"GammadeltaTcells","neg","Transcription Initiation From Rna Polymerase Iii Promoter","Transcription Initiation from Pol III Promoter"
"Breast-AdenoCA",198,1,0.00505050505050505,0.0198095238095238,"GammadeltaTcells","neg","Transcription Initiation From Rna Polymerase Iii Promoter","Transcription Initiation from Pol III Promoter"
"Bone-Benign",16,0,0,0.0198095238095238,"GammadeltaTcells","neg","Transcription Initiation From Rna Polymerase Iii Promoter","Transcription Initiation from Pol III Promoter"
"Bone-Epith",10,0,0,0.0198095238095238,"GammadeltaTcells","neg","Transcription Initiation From Rna Polymerase Iii Promoter","Transcription Initiation from Pol III Promoter"
"Bone-Osteosarc",38,0,0,0.0198095238095238,"GammadeltaTcells","neg","Transcription Initiation From Rna Polymerase Iii Promoter","Transcription Initiation from Pol III Promoter"
"Breast-DCIS",3,0,0,0.0198095238095238,"GammadeltaTcells","neg","Transcription Initiation From Rna Polymerase Iii Promoter","Transcription Initiation from Pol III Promoter"
"Breast-LobularCA",13,0,0,0.0198095238095238,"GammadeltaTcells","neg","Transcription Initiation From Rna Polymerase Iii Promoter","Transcription Initiation from Pol III Promoter"
"Cervix-AdenoCA",2,0,0,0.0198095238095238,"GammadeltaTcells","neg","Transcription Initiation From Rna Polymerase Iii Promoter","Transcription Initiation from Pol III Promoter"
"CNS-Oligo",18,0,0,0.0198095238095238,"GammadeltaTcells","neg","Transcription Initiation From Rna Polymerase Iii Promoter","Transcription Initiation from Pol III Promoter"
"CNS-PiloAstro",89,0,0,0.0198095238095238,"GammadeltaTcells","neg","Transcription Initiation From Rna Polymerase Iii Promoter","Transcription Initiation from Pol III Promoter"
"Kidney-ChRCC",45,0,0,0.0198095238095238,"GammadeltaTcells","neg","Transcription Initiation From Rna Polymerase Iii Promoter","Transcription Initiation from Pol III Promoter"
"Lymph-CLL",95,0,0,0.0198095238095238,"GammadeltaTcells","neg","Transcription Initiation From Rna Polymerase Iii Promoter","Transcription Initiation from Pol III Promoter"
"Myeloid-AML",13,0,0,0.0198095238095238,"GammadeltaTcells","neg","Transcription Initiation From Rna Polymerase Iii Promoter","Transcription Initiation from Pol III Promoter"
"Myeloid-MDS",2,0,0,0.0198095238095238,"GammadeltaTcells","neg","Transcription Initiation From Rna Polymerase Iii Promoter","Transcription Initiation from Pol III Promoter"
"Myeloid-MPN",23,0,0,0.0198095238095238,"GammadeltaTcells","neg","Transcription Initiation From Rna Polymerase Iii Promoter","Transcription Initiation from Pol III Promoter"
"SoftTissue-Leiomyo",15,0,0,0.0198095238095238,"GammadeltaTcells","neg","Transcription Initiation From Rna Polymerase Iii Promoter","Transcription Initiation from Pol III Promoter"
"Stomach-AdenoCA",69,0,0,0.0198095238095238,"GammadeltaTcells","neg","Transcription Initiation From Rna Polymerase Iii Promoter","Transcription Initiation from Pol III Promoter"
"Thy-AdenoCA",48,0,0,0.0198095238095238,"GammadeltaTcells","neg","Transcription Initiation From Rna Polymerase Iii Promoter","Transcription Initiation from Pol III Promoter"
"ColoRect-AdenoCA",52,6,0.115384615384615,0.0171428571428571,"GammadeltaTcells","pos","Ifna Pathway","IFNa Pathway"
"Head-SCC",57,4,0.0701754385964912,0.0171428571428571,"GammadeltaTcells","pos","Ifna Pathway","IFNa Pathway"
"Lung-AdenoCA",38,2,0.0526315789473684,0.0171428571428571,"GammadeltaTcells","pos","Ifna Pathway","IFNa Pathway"
"Bladder-TCC",23,1,0.0434782608695652,0.0171428571428571,"GammadeltaTcells","pos","Ifna Pathway","IFNa Pathway"
"Stomach-AdenoCA",69,3,0.0434782608695652,0.0171428571428571,"GammadeltaTcells","pos","Ifna Pathway","IFNa Pathway"
"Eso-AdenoCA",98,4,0.0408163265306122,0.0171428571428571,"GammadeltaTcells","pos","Ifna Pathway","IFNa Pathway"
"Skin-Melanoma",106,3,0.0283018867924528,0.0171428571428571,"GammadeltaTcells","pos","Ifna Pathway","IFNa Pathway"
"Bone-Osteosarc",38,1,0.0263157894736842,0.0171428571428571,"GammadeltaTcells","pos","Ifna Pathway","IFNa Pathway"
"Panc-AdenoCA",237,6,0.0253164556962025,0.0171428571428571,"GammadeltaTcells","pos","Ifna Pathway","IFNa Pathway"
"Uterus-AdenoCA",40,1,0.025,0.0171428571428571,"GammadeltaTcells","pos","Ifna Pathway","IFNa Pathway"
"CNS-GBM",41,1,0.024390243902439,0.0171428571428571,"GammadeltaTcells","pos","Ifna Pathway","IFNa Pathway"
"Thy-AdenoCA",48,1,0.0208333333333333,0.0171428571428571,"GammadeltaTcells","pos","Ifna Pathway","IFNa Pathway"
"Lymph-BNHL",107,2,0.0186915887850467,0.0171428571428571,"GammadeltaTcells","pos","Ifna Pathway","IFNa Pathway"
"Liver-HCC",315,5,0.0158730158730159,0.0171428571428571,"GammadeltaTcells","pos","Ifna Pathway","IFNa Pathway"
"Panc-Endocrine",85,1,0.0117647058823529,0.0171428571428571,"GammadeltaTcells","pos","Ifna Pathway","IFNa Pathway"
"Lymph-CLL",95,1,0.0105263157894737,0.0171428571428571,"GammadeltaTcells","pos","Ifna Pathway","IFNa Pathway"
"Ovary-AdenoCA",112,1,0.00892857142857143,0.0171428571428571,"GammadeltaTcells","pos","Ifna Pathway","IFNa Pathway"
"Kidney-RCC",143,1,0.00699300699300699,0.0171428571428571,"GammadeltaTcells","pos","Ifna Pathway","IFNa Pathway"
"Prost-AdenoCA",210,1,0.00476190476190476,0.0171428571428571,"GammadeltaTcells","pos","Ifna Pathway","IFNa Pathway"
"Biliary-AdenoCA",33,0,0,0.0171428571428571,"GammadeltaTcells","pos","Ifna Pathway","IFNa Pathway"
"Bone-Benign",16,0,0,0.0171428571428571,"GammadeltaTcells","pos","Ifna Pathway","IFNa Pathway"
"Bone-Epith",10,0,0,0.0171428571428571,"GammadeltaTcells","pos","Ifna Pathway","IFNa Pathway"
"Breast-AdenoCA",198,0,0,0.0171428571428571,"GammadeltaTcells","pos","Ifna Pathway","IFNa Pathway"
"Breast-DCIS",3,0,0,0.0171428571428571,"GammadeltaTcells","pos","Ifna Pathway","IFNa Pathway"
"Breast-LobularCA",13,0,0,0.0171428571428571,"GammadeltaTcells","pos","Ifna Pathway","IFNa Pathway"
"Cervix-AdenoCA",2,0,0,0.0171428571428571,"GammadeltaTcells","pos","Ifna Pathway","IFNa Pathway"
"Cervix-SCC",18,0,0,0.0171428571428571,"GammadeltaTcells","pos","Ifna Pathway","IFNa Pathway"
"CNS-Medullo",146,0,0,0.0171428571428571,"GammadeltaTcells","pos","Ifna Pathway","IFNa Pathway"
"CNS-Oligo",18,0,0,0.0171428571428571,"GammadeltaTcells","pos","Ifna Pathway","IFNa Pathway"
"CNS-PiloAstro",89,0,0,0.0171428571428571,"GammadeltaTcells","pos","Ifna Pathway","IFNa Pathway"
"Kidney-ChRCC",45,0,0,0.0171428571428571,"GammadeltaTcells","pos","Ifna Pathway","IFNa Pathway"
"Lung-SCC",48,0,0,0.0171428571428571,"GammadeltaTcells","pos","Ifna Pathway","IFNa Pathway"
"Myeloid-AML",13,0,0,0.0171428571428571,"GammadeltaTcells","pos","Ifna Pathway","IFNa Pathway"
"Myeloid-MDS",2,0,0,0.0171428571428571,"GammadeltaTcells","pos","Ifna Pathway","IFNa Pathway"
"Myeloid-MPN",23,0,0,0.0171428571428571,"GammadeltaTcells","pos","Ifna Pathway","IFNa Pathway"
"SoftTissue-Leiomyo",15,0,0,0.0171428571428571,"GammadeltaTcells","pos","Ifna Pathway","IFNa Pathway"
"SoftTissue-Liposarc",19,0,0,0.0171428571428571,"GammadeltaTcells","pos","Ifna Pathway","IFNa Pathway"
"Skin-Melanoma",106,18,0.169811320754717,0.0365714285714286,"Macrophages","neg","Positive Regulation Of Dephosphorylation","Positive Regulation of Dephosphorylation"
"ColoRect-AdenoCA",52,8,0.153846153846154,0.0365714285714286,"Macrophages","neg","Positive Regulation Of Dephosphorylation","Positive Regulation of Dephosphorylation"
"Lymph-BNHL",107,14,0.130841121495327,0.0365714285714286,"Macrophages","neg","Positive Regulation Of Dephosphorylation","Positive Regulation of Dephosphorylation"
"Lung-SCC",48,5,0.104166666666667,0.0365714285714286,"Macrophages","neg","Positive Regulation Of Dephosphorylation","Positive Regulation of Dephosphorylation"
"Uterus-AdenoCA",40,4,0.1,0.0365714285714286,"Macrophages","neg","Positive Regulation Of Dephosphorylation","Positive Regulation of Dephosphorylation"
"CNS-GBM",41,3,0.0731707317073171,0.0365714285714286,"Macrophages","neg","Positive Regulation Of Dephosphorylation","Positive Regulation of Dephosphorylation"
"Eso-AdenoCA",98,7,0.0714285714285714,0.0365714285714286,"Macrophages","neg","Positive Regulation Of Dephosphorylation","Positive Regulation of Dephosphorylation"
"CNS-Oligo",18,1,0.0555555555555556,0.0365714285714286,"Macrophages","neg","Positive Regulation Of Dephosphorylation","Positive Regulation of Dephosphorylation"
"Lung-AdenoCA",38,2,0.0526315789473684,0.0365714285714286,"Macrophages","neg","Positive Regulation Of Dephosphorylation","Positive Regulation of Dephosphorylation"
"SoftTissue-Liposarc",19,1,0.0526315789473684,0.0365714285714286,"Macrophages","neg","Positive Regulation Of Dephosphorylation","Positive Regulation of Dephosphorylation"
"Liver-HCC",315,16,0.0507936507936508,0.0365714285714286,"Macrophages","neg","Positive Regulation Of Dephosphorylation","Positive Regulation of Dephosphorylation"
"Head-SCC",57,2,0.0350877192982456,0.0365714285714286,"Macrophages","neg","Positive Regulation Of Dephosphorylation","Positive Regulation of Dephosphorylation"
"Biliary-AdenoCA",33,1,0.0303030303030303,0.0365714285714286,"Macrophages","neg","Positive Regulation Of Dephosphorylation","Positive Regulation of Dephosphorylation"
"Panc-Endocrine",85,2,0.0235294117647059,0.0365714285714286,"Macrophages","neg","Positive Regulation Of Dephosphorylation","Positive Regulation of Dephosphorylation"
"Breast-AdenoCA",198,4,0.0202020202020202,0.0365714285714286,"Macrophages","neg","Positive Regulation Of Dephosphorylation","Positive Regulation of Dephosphorylation"
"Ovary-AdenoCA",112,2,0.0178571428571429,0.0365714285714286,"Macrophages","neg","Positive Regulation Of Dephosphorylation","Positive Regulation of Dephosphorylation"
"Panc-AdenoCA",237,4,0.0168776371308017,0.0365714285714286,"Macrophages","neg","Positive Regulation Of Dephosphorylation","Positive Regulation of Dephosphorylation"
"Kidney-RCC",143,1,0.00699300699300699,0.0365714285714286,"Macrophages","neg","Positive Regulation Of Dephosphorylation","Positive Regulation of Dephosphorylation"
"Prost-AdenoCA",210,1,0.00476190476190476,0.0365714285714286,"Macrophages","neg","Positive Regulation Of Dephosphorylation","Positive Regulation of Dephosphorylation"
"Bladder-TCC",23,0,0,0.0365714285714286,"Macrophages","neg","Positive Regulation Of Dephosphorylation","Positive Regulation of Dephosphorylation"
"Bone-Benign",16,0,0,0.0365714285714286,"Macrophages","neg","Positive Regulation Of Dephosphorylation","Positive Regulation of Dephosphorylation"
"Bone-Epith",10,0,0,0.0365714285714286,"Macrophages","neg","Positive Regulation Of Dephosphorylation","Positive Regulation of Dephosphorylation"
"Bone-Osteosarc",38,0,0,0.0365714285714286,"Macrophages","neg","Positive Regulation Of Dephosphorylation","Positive Regulation of Dephosphorylation"
"Breast-DCIS",3,0,0,0.0365714285714286,"Macrophages","neg","Positive Regulation Of Dephosphorylation","Positive Regulation of Dephosphorylation"
"Breast-LobularCA",13,0,0,0.0365714285714286,"Macrophages","neg","Positive Regulation Of Dephosphorylation","Positive Regulation of Dephosphorylation"
"Cervix-AdenoCA",2,0,0,0.0365714285714286,"Macrophages","neg","Positive Regulation Of Dephosphorylation","Positive Regulation of Dephosphorylation"
"Cervix-SCC",18,0,0,0.0365714285714286,"Macrophages","neg","Positive Regulation Of Dephosphorylation","Positive Regulation of Dephosphorylation"
"CNS-Medullo",146,0,0,0.0365714285714286,"Macrophages","neg","Positive Regulation Of Dephosphorylation","Positive Regulation of Dephosphorylation"
"CNS-PiloAstro",89,0,0,0.0365714285714286,"Macrophages","neg","Positive Regulation Of Dephosphorylation","Positive Regulation of Dephosphorylation"
"Kidney-ChRCC",45,0,0,0.0365714285714286,"Macrophages","neg","Positive Regulation Of Dephosphorylation","Positive Regulation of Dephosphorylation"
"Lymph-CLL",95,0,0,0.0365714285714286,"Macrophages","neg","Positive Regulation Of Dephosphorylation","Positive Regulation of Dephosphorylation"
"Myeloid-AML",13,0,0,0.0365714285714286,"Macrophages","neg","Positive Regulation Of Dephosphorylation","Positive Regulation of Dephosphorylation"
"Myeloid-MDS",2,0,0,0.0365714285714286,"Macrophages","neg","Positive Regulation Of Dephosphorylation","Positive Regulation of Dephosphorylation"
"Myeloid-MPN",23,0,0,0.0365714285714286,"Macrophages","neg","Positive Regulation Of Dephosphorylation","Positive Regulation of Dephosphorylation"
"SoftTissue-Leiomyo",15,0,0,0.0365714285714286,"Macrophages","neg","Positive Regulation Of Dephosphorylation","Positive Regulation of Dephosphorylation"
"Stomach-AdenoCA",69,0,0,0.0365714285714286,"Macrophages","neg","Positive Regulation Of Dephosphorylation","Positive Regulation of Dephosphorylation"
"Thy-AdenoCA",48,0,0,0.0365714285714286,"Macrophages","neg","Positive Regulation Of Dephosphorylation","Positive Regulation of Dephosphorylation"
"ColoRect-AdenoCA",52,9,0.173076923076923,0.032,"Macrophages","neg","Respiratory Electron Transport","Respiratory Electron Transport"
"Skin-Melanoma",106,13,0.122641509433962,0.032,"Macrophages","neg","Respiratory Electron Transport","Respiratory Electron Transport"
"Uterus-AdenoCA",40,4,0.1,0.032,"Macrophages","neg","Respiratory Electron Transport","Respiratory Electron Transport"
"Biliary-AdenoCA",33,2,0.0606060606060606,0.032,"Macrophages","neg","Respiratory Electron Transport","Respiratory Electron Transport"
"Kidney-RCC",143,8,0.0559440559440559,0.032,"Macrophages","neg","Respiratory Electron Transport","Respiratory Electron Transport"
"Lung-AdenoCA",38,2,0.0526315789473684,0.032,"Macrophages","neg","Respiratory Electron Transport","Respiratory Electron Transport"
"Liver-HCC",315,16,0.0507936507936508,0.032,"Macrophages","neg","Respiratory Electron Transport","Respiratory Electron Transport"
"Lymph-BNHL",107,5,0.0467289719626168,0.032,"Macrophages","neg","Respiratory Electron Transport","Respiratory Electron Transport"
"Lung-SCC",48,2,0.0416666666666667,0.032,"Macrophages","neg","Respiratory Electron Transport","Respiratory Electron Transport"
"Breast-AdenoCA",198,7,0.0353535353535354,0.032,"Macrophages","neg","Respiratory Electron Transport","Respiratory Electron Transport"
"Head-SCC",57,2,0.0350877192982456,0.032,"Macrophages","neg","Respiratory Electron Transport","Respiratory Electron Transport"
"Stomach-AdenoCA",69,2,0.0289855072463768,0.032,"Macrophages","neg","Respiratory Electron Transport","Respiratory Electron Transport"
"Bone-Osteosarc",38,1,0.0263157894736842,0.032,"Macrophages","neg","Respiratory Electron Transport","Respiratory Electron Transport"
"CNS-GBM",41,1,0.024390243902439,0.032,"Macrophages","neg","Respiratory Electron Transport","Respiratory Electron Transport"
"Kidney-ChRCC",45,1,0.0222222222222222,0.032,"Macrophages","neg","Respiratory Electron Transport","Respiratory Electron Transport"
"Thy-AdenoCA",48,1,0.0208333333333333,0.032,"Macrophages","neg","Respiratory Electron Transport","Respiratory Electron Transport"
"Ovary-AdenoCA",112,2,0.0178571428571429,0.032,"Macrophages","neg","Respiratory Electron Transport","Respiratory Electron Transport"
"Panc-AdenoCA",237,3,0.0126582278481013,0.032,"Macrophages","neg","Respiratory Electron Transport","Respiratory Electron Transport"
"Prost-AdenoCA",210,2,0.00952380952380952,0.032,"Macrophages","neg","Respiratory Electron Transport","Respiratory Electron Transport"
"CNS-Medullo",146,1,0.00684931506849315,0.032,"Macrophages","neg","Respiratory Electron Transport","Respiratory Electron Transport"
"Bladder-TCC",23,0,0,0.032,"Macrophages","neg","Respiratory Electron Transport","Respiratory Electron Transport"
"Bone-Benign",16,0,0,0.032,"Macrophages","neg","Respiratory Electron Transport","Respiratory Electron Transport"
"Bone-Epith",10,0,0,0.032,"Macrophages","neg","Respiratory Electron Transport","Respiratory Electron Transport"
"Breast-DCIS",3,0,0,0.032,"Macrophages","neg","Respiratory Electron Transport","Respiratory Electron Transport"
"Breast-LobularCA",13,0,0,0.032,"Macrophages","neg","Respiratory Electron Transport","Respiratory Electron Transport"
"Cervix-AdenoCA",2,0,0,0.032,"Macrophages","neg","Respiratory Electron Transport","Respiratory Electron Transport"
"Cervix-SCC",18,0,0,0.032,"Macrophages","neg","Respiratory Electron Transport","Respiratory Electron Transport"
"CNS-Oligo",18,0,0,0.032,"Macrophages","neg","Respiratory Electron Transport","Respiratory Electron Transport"
"CNS-PiloAstro",89,0,0,0.032,"Macrophages","neg","Respiratory Electron Transport","Respiratory Electron Transport"
"Eso-AdenoCA",98,0,0,0.032,"Macrophages","neg","Respiratory Electron Transport","Respiratory Electron Transport"
"Lymph-CLL",95,0,0,0.032,"Macrophages","neg","Respiratory Electron Transport","Respiratory Electron Transport"
"Myeloid-AML",13,0,0,0.032,"Macrophages","neg","Respiratory Electron Transport","Respiratory Electron Transport"
"Myeloid-MDS",2,0,0,0.032,"Macrophages","neg","Respiratory Electron Transport","Respiratory Electron Transport"
"Myeloid-MPN",23,0,0,0.032,"Macrophages","neg","Respiratory Electron Transport","Respiratory Electron Transport"
"Panc-Endocrine",85,0,0,0.032,"Macrophages","neg","Respiratory Electron Transport","Respiratory Electron Transport"
"SoftTissue-Leiomyo",15,0,0,0.032,"Macrophages","neg","Respiratory Electron Transport","Respiratory Electron Transport"
"SoftTissue-Liposarc",19,0,0,0.032,"Macrophages","neg","Respiratory Electron Transport","Respiratory Electron Transport"
"ColoRect-AdenoCA",52,6,0.115384615384615,0.0175238095238095,"Macrophages","neg","Sialic Acid Metabolism","Sialic Acid Metabolism"
"Breast-LobularCA",13,1,0.0769230769230769,0.0175238095238095,"Macrophages","neg","Sialic Acid Metabolism","Sialic Acid Metabolism"
"Skin-Melanoma",106,6,0.0566037735849057,0.0175238095238095,"Macrophages","neg","Sialic Acid Metabolism","Sialic Acid Metabolism"
"CNS-GBM",41,2,0.048780487804878,0.0175238095238095,"Macrophages","neg","Sialic Acid Metabolism","Sialic Acid Metabolism"
"Lung-SCC",48,2,0.0416666666666667,0.0175238095238095,"Macrophages","neg","Sialic Acid Metabolism","Sialic Acid Metabolism"
"Eso-AdenoCA",98,4,0.0408163265306122,0.0175238095238095,"Macrophages","neg","Sialic Acid Metabolism","Sialic Acid Metabolism"
"Biliary-AdenoCA",33,1,0.0303030303030303,0.0175238095238095,"Macrophages","neg","Sialic Acid Metabolism","Sialic Acid Metabolism"
"Lung-AdenoCA",38,1,0.0263157894736842,0.0175238095238095,"Macrophages","neg","Sialic Acid Metabolism","Sialic Acid Metabolism"
"Breast-AdenoCA",198,5,0.0252525252525253,0.0175238095238095,"Macrophages","neg","Sialic Acid Metabolism","Sialic Acid Metabolism"
"Uterus-AdenoCA",40,1,0.025,0.0175238095238095,"Macrophages","neg","Sialic Acid Metabolism","Sialic Acid Metabolism"
"Liver-HCC",315,7,0.0222222222222222,0.0175238095238095,"Macrophages","neg","Sialic Acid Metabolism","Sialic Acid Metabolism"
"Panc-AdenoCA",237,5,0.0210970464135021,0.0175238095238095,"Macrophages","neg","Sialic Acid Metabolism","Sialic Acid Metabolism"
"Thy-AdenoCA",48,1,0.0208333333333333,0.0175238095238095,"Macrophages","neg","Sialic Acid Metabolism","Sialic Acid Metabolism"
"Stomach-AdenoCA",69,1,0.0144927536231884,0.0175238095238095,"Macrophages","neg","Sialic Acid Metabolism","Sialic Acid Metabolism"
"Lymph-CLL",95,1,0.0105263157894737,0.0175238095238095,"Macrophages","neg","Sialic Acid Metabolism","Sialic Acid Metabolism"
"Lymph-BNHL",107,1,0.00934579439252336,0.0175238095238095,"Macrophages","neg","Sialic Acid Metabolism","Sialic Acid Metabolism"
"Ovary-AdenoCA",112,1,0.00892857142857143,0.0175238095238095,"Macrophages","neg","Sialic Acid Metabolism","Sialic Acid Metabolism"
"Bladder-TCC",23,0,0,0.0175238095238095,"Macrophages","neg","Sialic Acid Metabolism","Sialic Acid Metabolism"
"Bone-Benign",16,0,0,0.0175238095238095,"Macrophages","neg","Sialic Acid Metabolism","Sialic Acid Metabolism"
"Bone-Epith",10,0,0,0.0175238095238095,"Macrophages","neg","Sialic Acid Metabolism","Sialic Acid Metabolism"
"Bone-Osteosarc",38,0,0,0.0175238095238095,"Macrophages","neg","Sialic Acid Metabolism","Sialic Acid Metabolism"
"Breast-DCIS",3,0,0,0.0175238095238095,"Macrophages","neg","Sialic Acid Metabolism","Sialic Acid Metabolism"
"Cervix-AdenoCA",2,0,0,0.0175238095238095,"Macrophages","neg","Sialic Acid Metabolism","Sialic Acid Metabolism"
"Cervix-SCC",18,0,0,0.0175238095238095,"Macrophages","neg","Sialic Acid Metabolism","Sialic Acid Metabolism"
"CNS-Medullo",146,0,0,0.0175238095238095,"Macrophages","neg","Sialic Acid Metabolism","Sialic Acid Metabolism"
"CNS-Oligo",18,0,0,0.0175238095238095,"Macrophages","neg","Sialic Acid Metabolism","Sialic Acid Metabolism"
"CNS-PiloAstro",89,0,0,0.0175238095238095,"Macrophages","neg","Sialic Acid Metabolism","Sialic Acid Metabolism"
"Head-SCC",57,0,0,0.0175238095238095,"Macrophages","neg","Sialic Acid Metabolism","Sialic Acid Metabolism"
"Kidney-ChRCC",45,0,0,0.0175238095238095,"Macrophages","neg","Sialic Acid Metabolism","Sialic Acid Metabolism"
"Kidney-RCC",143,0,0,0.0175238095238095,"Macrophages","neg","Sialic Acid Metabolism","Sialic Acid Metabolism"
"Myeloid-AML",13,0,0,0.0175238095238095,"Macrophages","neg","Sialic Acid Metabolism","Sialic Acid Metabolism"
"Myeloid-MDS",2,0,0,0.0175238095238095,"Macrophages","neg","Sialic Acid Metabolism","Sialic Acid Metabolism"
"Myeloid-MPN",23,0,0,0.0175238095238095,"Macrophages","neg","Sialic Acid Metabolism","Sialic Acid Metabolism"
"Panc-Endocrine",85,0,0,0.0175238095238095,"Macrophages","neg","Sialic Acid Metabolism","Sialic Acid Metabolism"
"Prost-AdenoCA",210,0,0,0.0175238095238095,"Macrophages","neg","Sialic Acid Metabolism","Sialic Acid Metabolism"
"SoftTissue-Leiomyo",15,0,0,0.0175238095238095,"Macrophages","neg","Sialic Acid Metabolism","Sialic Acid Metabolism"
"SoftTissue-Liposarc",19,0,0,0.0175238095238095,"Macrophages","neg","Sialic Acid Metabolism","Sialic Acid Metabolism"
"ColoRect-AdenoCA",52,4,0.0769230769230769,0.012952380952381,"Macrophages","neg","Trna Modification In The Mitochondrion","tRNA Modification in the Mitochondrion"
"Lung-SCC",48,3,0.0625,0.012952380952381,"Macrophages","neg","Trna Modification In The Mitochondrion","tRNA Modification in the Mitochondrion"
"Head-SCC",57,3,0.0526315789473684,0.012952380952381,"Macrophages","neg","Trna Modification In The Mitochondrion","tRNA Modification in the Mitochondrion"
"Bladder-TCC",23,1,0.0434782608695652,0.012952380952381,"Macrophages","neg","Trna Modification In The Mitochondrion","tRNA Modification in the Mitochondrion"
"Biliary-AdenoCA",33,1,0.0303030303030303,0.012952380952381,"Macrophages","neg","Trna Modification In The Mitochondrion","tRNA Modification in the Mitochondrion"
"Lung-AdenoCA",38,1,0.0263157894736842,0.012952380952381,"Macrophages","neg","Trna Modification In The Mitochondrion","tRNA Modification in the Mitochondrion"
"Liver-HCC",315,7,0.0222222222222222,0.012952380952381,"Macrophages","neg","Trna Modification In The Mitochondrion","tRNA Modification in the Mitochondrion"
"Eso-AdenoCA",98,2,0.0204081632653061,0.012952380952381,"Macrophages","neg","Trna Modification In The Mitochondrion","tRNA Modification in the Mitochondrion"
"Breast-AdenoCA",198,4,0.0202020202020202,0.012952380952381,"Macrophages","neg","Trna Modification In The Mitochondrion","tRNA Modification in the Mitochondrion"
"Skin-Melanoma",106,2,0.0188679245283019,0.012952380952381,"Macrophages","neg","Trna Modification In The Mitochondrion","tRNA Modification in the Mitochondrion"
"Kidney-RCC",143,2,0.013986013986014,0.012952380952381,"Macrophages","neg","Trna Modification In The Mitochondrion","tRNA Modification in the Mitochondrion"
"Panc-Endocrine",85,1,0.0117647058823529,0.012952380952381,"Macrophages","neg","Trna Modification In The Mitochondrion","tRNA Modification in the Mitochondrion"
"Ovary-AdenoCA",112,1,0.00892857142857143,0.012952380952381,"Macrophages","neg","Trna Modification In The Mitochondrion","tRNA Modification in the Mitochondrion"
"CNS-Medullo",146,1,0.00684931506849315,0.012952380952381,"Macrophages","neg","Trna Modification In The Mitochondrion","tRNA Modification in the Mitochondrion"
"Panc-AdenoCA",237,1,0.00421940928270042,0.012952380952381,"Macrophages","neg","Trna Modification In The Mitochondrion","tRNA Modification in the Mitochondrion"
"Bone-Benign",16,0,0,0.012952380952381,"Macrophages","neg","Trna Modification In The Mitochondrion","tRNA Modification in the Mitochondrion"
"Bone-Epith",10,0,0,0.012952380952381,"Macrophages","neg","Trna Modification In The Mitochondrion","tRNA Modification in the Mitochondrion"
"Bone-Osteosarc",38,0,0,0.012952380952381,"Macrophages","neg","Trna Modification In The Mitochondrion","tRNA Modification in the Mitochondrion"
"Breast-DCIS",3,0,0,0.012952380952381,"Macrophages","neg","Trna Modification In The Mitochondrion","tRNA Modification in the Mitochondrion"
"Breast-LobularCA",13,0,0,0.012952380952381,"Macrophages","neg","Trna Modification In The Mitochondrion","tRNA Modification in the Mitochondrion"
"Cervix-AdenoCA",2,0,0,0.012952380952381,"Macrophages","neg","Trna Modification In The Mitochondrion","tRNA Modification in the Mitochondrion"
"Cervix-SCC",18,0,0,0.012952380952381,"Macrophages","neg","Trna Modification In The Mitochondrion","tRNA Modification in the Mitochondrion"
"CNS-GBM",41,0,0,0.012952380952381,"Macrophages","neg","Trna Modification In The Mitochondrion","tRNA Modification in the Mitochondrion"
"CNS-Oligo",18,0,0,0.012952380952381,"Macrophages","neg","Trna Modification In The Mitochondrion","tRNA Modification in the Mitochondrion"
"CNS-PiloAstro",89,0,0,0.012952380952381,"Macrophages","neg","Trna Modification In The Mitochondrion","tRNA Modification in the Mitochondrion"
"Kidney-ChRCC",45,0,0,0.012952380952381,"Macrophages","neg","Trna Modification In The Mitochondrion","tRNA Modification in the Mitochondrion"
"Lymph-BNHL",107,0,0,0.012952380952381,"Macrophages","neg","Trna Modification In The Mitochondrion","tRNA Modification in the Mitochondrion"
"Lymph-CLL",95,0,0,0.012952380952381,"Macrophages","neg","Trna Modification In The Mitochondrion","tRNA Modification in the Mitochondrion"
"Myeloid-AML",13,0,0,0.012952380952381,"Macrophages","neg","Trna Modification In The Mitochondrion","tRNA Modification in the Mitochondrion"
"Myeloid-MDS",2,0,0,0.012952380952381,"Macrophages","neg","Trna Modification In The Mitochondrion","tRNA Modification in the Mitochondrion"
"Myeloid-MPN",23,0,0,0.012952380952381,"Macrophages","neg","Trna Modification In The Mitochondrion","tRNA Modification in the Mitochondrion"
"Prost-AdenoCA",210,0,0,0.012952380952381,"Macrophages","neg","Trna Modification In The Mitochondrion","tRNA Modification in the Mitochondrion"
"SoftTissue-Leiomyo",15,0,0,0.012952380952381,"Macrophages","neg","Trna Modification In The Mitochondrion","tRNA Modification in the Mitochondrion"
"SoftTissue-Liposarc",19,0,0,0.012952380952381,"Macrophages","neg","Trna Modification In The Mitochondrion","tRNA Modification in the Mitochondrion"
"Stomach-AdenoCA",69,0,0,0.012952380952381,"Macrophages","neg","Trna Modification In The Mitochondrion","tRNA Modification in the Mitochondrion"
"Thy-AdenoCA",48,0,0,0.012952380952381,"Macrophages","neg","Trna Modification In The Mitochondrion","tRNA Modification in the Mitochondrion"
"Uterus-AdenoCA",40,0,0,0.012952380952381,"Macrophages","neg","Trna Modification In The Mitochondrion","tRNA Modification in the Mitochondrion"
"Cervix-AdenoCA",2,1,0.5,0.0895238095238095,"Macrophages","pos","Hswi Snf Pathway","SWI SNF Pathway"
"Bladder-TCC",23,7,0.304347826086957,0.0895238095238095,"Macrophages","pos","Hswi Snf Pathway","SWI SNF Pathway"
"Eso-AdenoCA",98,25,0.255102040816327,0.0895238095238095,"Macrophages","pos","Hswi Snf Pathway","SWI SNF Pathway"
"Lymph-BNHL",107,25,0.233644859813084,0.0895238095238095,"Macrophages","pos","Hswi Snf Pathway","SWI SNF Pathway"
"ColoRect-AdenoCA",52,12,0.230769230769231,0.0895238095238095,"Macrophages","pos","Hswi Snf Pathway","SWI SNF Pathway"
"Skin-Melanoma",106,22,0.207547169811321,0.0895238095238095,"Macrophages","pos","Hswi Snf Pathway","SWI SNF Pathway"
"Stomach-AdenoCA",69,13,0.188405797101449,0.0895238095238095,"Macrophages","pos","Hswi Snf Pathway","SWI SNF Pathway"
"Uterus-AdenoCA",40,7,0.175,0.0895238095238095,"Macrophages","pos","Hswi Snf Pathway","SWI SNF Pathway"
"Lung-AdenoCA",38,6,0.157894736842105,0.0895238095238095,"Macrophages","pos","Hswi Snf Pathway","SWI SNF Pathway"
"Lung-SCC",48,6,0.125,0.0895238095238095,"Macrophages","pos","Hswi Snf Pathway","SWI SNF Pathway"
"Panc-AdenoCA",237,29,0.122362869198312,0.0895238095238095,"Macrophages","pos","Hswi Snf Pathway","SWI SNF Pathway"
"Biliary-AdenoCA",33,4,0.121212121212121,0.0895238095238095,"Macrophages","pos","Hswi Snf Pathway","SWI SNF Pathway"
"Liver-HCC",315,33,0.104761904761905,0.0895238095238095,"Macrophages","pos","Hswi Snf Pathway","SWI SNF Pathway"
"Kidney-RCC",143,13,0.0909090909090909,0.0895238095238095,"Macrophages","pos","Hswi Snf Pathway","SWI SNF Pathway"
"Cervix-SCC",18,1,0.0555555555555556,0.0895238095238095,"Macrophages","pos","Hswi Snf Pathway","SWI SNF Pathway"
"CNS-Oligo",18,1,0.0555555555555556,0.0895238095238095,"Macrophages","pos","Hswi Snf Pathway","SWI SNF Pathway"
"SoftTissue-Liposarc",19,1,0.0526315789473684,0.0895238095238095,"Macrophages","pos","Hswi Snf Pathway","SWI SNF Pathway"
"CNS-Medullo",146,7,0.047945205479452,0.0895238095238095,"Macrophages","pos","Hswi Snf Pathway","SWI SNF Pathway"
"Breast-AdenoCA",198,9,0.0454545454545455,0.0895238095238095,"Macrophages","pos","Hswi Snf Pathway","SWI SNF Pathway"
"Myeloid-MPN",23,1,0.0434782608695652,0.0895238095238095,"Macrophages","pos","Hswi Snf Pathway","SWI SNF Pathway"
"Ovary-AdenoCA",112,3,0.0267857142857143,0.0895238095238095,"Macrophages","pos","Hswi Snf Pathway","SWI SNF Pathway"
"CNS-GBM",41,1,0.024390243902439,0.0895238095238095,"Macrophages","pos","Hswi Snf Pathway","SWI SNF Pathway"
"Prost-AdenoCA",210,5,0.0238095238095238,0.0895238095238095,"Macrophages","pos","Hswi Snf Pathway","SWI SNF Pathway"
"Lymph-CLL",95,2,0.0210526315789474,0.0895238095238095,"Macrophages","pos","Hswi Snf Pathway","SWI SNF Pathway"
"Panc-Endocrine",85,1,0.0117647058823529,0.0895238095238095,"Macrophages","pos","Hswi Snf Pathway","SWI SNF Pathway"
"Bone-Benign",16,0,0,0.0895238095238095,"Macrophages","pos","Hswi Snf Pathway","SWI SNF Pathway"
"Bone-Epith",10,0,0,0.0895238095238095,"Macrophages","pos","Hswi Snf Pathway","SWI SNF Pathway"
"Bone-Osteosarc",38,0,0,0.0895238095238095,"Macrophages","pos","Hswi Snf Pathway","SWI SNF Pathway"
"Breast-DCIS",3,0,0,0.0895238095238095,"Macrophages","pos","Hswi Snf Pathway","SWI SNF Pathway"
"Breast-LobularCA",13,0,0,0.0895238095238095,"Macrophages","pos","Hswi Snf Pathway","SWI SNF Pathway"
"CNS-PiloAstro",89,0,0,0.0895238095238095,"Macrophages","pos","Hswi Snf Pathway","SWI SNF Pathway"
"Head-SCC",57,0,0,0.0895238095238095,"Macrophages","pos","Hswi Snf Pathway","SWI SNF Pathway"
"Kidney-ChRCC",45,0,0,0.0895238095238095,"Macrophages","pos","Hswi Snf Pathway","SWI SNF Pathway"
"Myeloid-AML",13,0,0,0.0895238095238095,"Macrophages","pos","Hswi Snf Pathway","SWI SNF Pathway"
"Myeloid-MDS",2,0,0,0.0895238095238095,"Macrophages","pos","Hswi Snf Pathway","SWI SNF Pathway"
"SoftTissue-Leiomyo",15,0,0,0.0895238095238095,"Macrophages","pos","Hswi Snf Pathway","SWI SNF Pathway"
"Thy-AdenoCA",48,0,0,0.0895238095238095,"Macrophages","pos","Hswi Snf Pathway","SWI SNF Pathway"
"Lymph-BNHL",107,47,0.439252336448598,0.075047619047619,"Macrophages","pos","Reg Gr Pathway","REG GR Pathway"
"Lung-SCC",48,14,0.291666666666667,0.075047619047619,"Macrophages","pos","Reg Gr Pathway","REG GR Pathway"
"Bladder-TCC",23,5,0.217391304347826,0.075047619047619,"Macrophages","pos","Reg Gr Pathway","REG GR Pathway"
"ColoRect-AdenoCA",52,10,0.192307692307692,0.075047619047619,"Macrophages","pos","Reg Gr Pathway","REG GR Pathway"
"Lung-AdenoCA",38,7,0.184210526315789,0.075047619047619,"Macrophages","pos","Reg Gr Pathway","REG GR Pathway"
"Skin-Melanoma",106,19,0.179245283018868,0.075047619047619,"Macrophages","pos","Reg Gr Pathway","REG GR Pathway"
"Eso-AdenoCA",98,11,0.112244897959184,0.075047619047619,"Macrophages","pos","Reg Gr Pathway","REG GR Pathway"
"Cervix-SCC",18,2,0.111111111111111,0.075047619047619,"Macrophages","pos","Reg Gr Pathway","REG GR Pathway"
"Stomach-AdenoCA",69,7,0.101449275362319,0.075047619047619,"Macrophages","pos","Reg Gr Pathway","REG GR Pathway"
"Kidney-RCC",143,14,0.0979020979020979,0.075047619047619,"Macrophages","pos","Reg Gr Pathway","REG GR Pathway"
"Uterus-AdenoCA",40,3,0.075,0.075047619047619,"Macrophages","pos","Reg Gr Pathway","REG GR Pathway"
"CNS-Medullo",146,9,0.0616438356164384,0.075047619047619,"Macrophages","pos","Reg Gr Pathway","REG GR Pathway"
"Ovary-AdenoCA",112,6,0.0535714285714286,0.075047619047619,"Macrophages","pos","Reg Gr Pathway","REG GR Pathway"
"SoftTissue-Liposarc",19,1,0.0526315789473684,0.075047619047619,"Macrophages","pos","Reg Gr Pathway","REG GR Pathway"
"Breast-AdenoCA",198,9,0.0454545454545455,0.075047619047619,"Macrophages","pos","Reg Gr Pathway","REG GR Pathway"
"Myeloid-MPN",23,1,0.0434782608695652,0.075047619047619,"Macrophages","pos","Reg Gr Pathway","REG GR Pathway"
"Panc-AdenoCA",237,10,0.0421940928270042,0.075047619047619,"Macrophages","pos","Reg Gr Pathway","REG GR Pathway"
"Liver-HCC",315,12,0.0380952380952381,0.075047619047619,"Macrophages","pos","Reg Gr Pathway","REG GR Pathway"
"Head-SCC",57,2,0.0350877192982456,0.075047619047619,"Macrophages","pos","Reg Gr Pathway","REG GR Pathway"
"Biliary-AdenoCA",33,1,0.0303030303030303,0.075047619047619,"Macrophages","pos","Reg Gr Pathway","REG GR Pathway"
"CNS-GBM",41,1,0.024390243902439,0.075047619047619,"Macrophages","pos","Reg Gr Pathway","REG GR Pathway"
"Lymph-CLL",95,2,0.0210526315789474,0.075047619047619,"Macrophages","pos","Reg Gr Pathway","REG GR Pathway"
"Prost-AdenoCA",210,3,0.0142857142857143,0.075047619047619,"Macrophages","pos","Reg Gr Pathway","REG GR Pathway"
"CNS-PiloAstro",89,1,0.0112359550561798,0.075047619047619,"Macrophages","pos","Reg Gr Pathway","REG GR Pathway"
"Bone-Benign",16,0,0,0.075047619047619,"Macrophages","pos","Reg Gr Pathway","REG GR Pathway"
"Bone-Epith",10,0,0,0.075047619047619,"Macrophages","pos","Reg Gr Pathway","REG GR Pathway"
"Bone-Osteosarc",38,0,0,0.075047619047619,"Macrophages","pos","Reg Gr Pathway","REG GR Pathway"
"Breast-DCIS",3,0,0,0.075047619047619,"Macrophages","pos","Reg Gr Pathway","REG GR Pathway"
"Breast-LobularCA",13,0,0,0.075047619047619,"Macrophages","pos","Reg Gr Pathway","REG GR Pathway"
"Cervix-AdenoCA",2,0,0,0.075047619047619,"Macrophages","pos","Reg Gr Pathway","REG GR Pathway"
"CNS-Oligo",18,0,0,0.075047619047619,"Macrophages","pos","Reg Gr Pathway","REG GR Pathway"
"Kidney-ChRCC",45,0,0,0.075047619047619,"Macrophages","pos","Reg Gr Pathway","REG GR Pathway"
"Myeloid-AML",13,0,0,0.075047619047619,"Macrophages","pos","Reg Gr Pathway","REG GR Pathway"
"Myeloid-MDS",2,0,0,0.075047619047619,"Macrophages","pos","Reg Gr Pathway","REG GR Pathway"
"Panc-Endocrine",85,0,0,0.075047619047619,"Macrophages","pos","Reg Gr Pathway","REG GR Pathway"
"SoftTissue-Leiomyo",15,0,0,0.075047619047619,"Macrophages","pos","Reg Gr Pathway","REG GR Pathway"
"Thy-AdenoCA",48,0,0,0.075047619047619,"Macrophages","pos","Reg Gr Pathway","REG GR Pathway"
"Lung-SCC",48,4,0.0833333333333333,0.0171428571428571,"Macrophages","pos","Myeloid Cell Homeostasis","Myeloid Cell Homeostasis"
"Lung-AdenoCA",38,3,0.0789473684210526,0.0171428571428571,"Macrophages","pos","Myeloid Cell Homeostasis","Myeloid Cell Homeostasis"
"ColoRect-AdenoCA",52,4,0.0769230769230769,0.0171428571428571,"Macrophages","pos","Myeloid Cell Homeostasis","Myeloid Cell Homeostasis"
"Uterus-AdenoCA",40,2,0.05,0.0171428571428571,"Macrophages","pos","Myeloid Cell Homeostasis","Myeloid Cell Homeostasis"
"Skin-Melanoma",106,5,0.0471698113207547,0.0171428571428571,"Macrophages","pos","Myeloid Cell Homeostasis","Myeloid Cell Homeostasis"
"Bladder-TCC",23,1,0.0434782608695652,0.0171428571428571,"Macrophages","pos","Myeloid Cell Homeostasis","Myeloid Cell Homeostasis"
"CNS-Medullo",146,4,0.0273972602739726,0.0171428571428571,"Macrophages","pos","Myeloid Cell Homeostasis","Myeloid Cell Homeostasis"
"Bone-Osteosarc",38,1,0.0263157894736842,0.0171428571428571,"Macrophages","pos","Myeloid Cell Homeostasis","Myeloid Cell Homeostasis"
"Kidney-ChRCC",45,1,0.0222222222222222,0.0171428571428571,"Macrophages","pos","Myeloid Cell Homeostasis","Myeloid Cell Homeostasis"
"Liver-HCC",315,7,0.0222222222222222,0.0171428571428571,"Macrophages","pos","Myeloid Cell Homeostasis","Myeloid Cell Homeostasis"
"Lymph-BNHL",107,2,0.0186915887850467,0.0171428571428571,"Macrophages","pos","Myeloid Cell Homeostasis","Myeloid Cell Homeostasis"
"Panc-AdenoCA",237,4,0.0168776371308017,0.0171428571428571,"Macrophages","pos","Myeloid Cell Homeostasis","Myeloid Cell Homeostasis"
"Breast-AdenoCA",198,3,0.0151515151515152,0.0171428571428571,"Macrophages","pos","Myeloid Cell Homeostasis","Myeloid Cell Homeostasis"
"Stomach-AdenoCA",69,1,0.0144927536231884,0.0171428571428571,"Macrophages","pos","Myeloid Cell Homeostasis","Myeloid Cell Homeostasis"
"Kidney-RCC",143,2,0.013986013986014,0.0171428571428571,"Macrophages","pos","Myeloid Cell Homeostasis","Myeloid Cell Homeostasis"
"Eso-AdenoCA",98,1,0.0102040816326531,0.0171428571428571,"Macrophages","pos","Myeloid Cell Homeostasis","Myeloid Cell Homeostasis"
"Biliary-AdenoCA",33,0,0,0.0171428571428571,"Macrophages","pos","Myeloid Cell Homeostasis","Myeloid Cell Homeostasis"
"Bone-Benign",16,0,0,0.0171428571428571,"Macrophages","pos","Myeloid Cell Homeostasis","Myeloid Cell Homeostasis"
"Bone-Epith",10,0,0,0.0171428571428571,"Macrophages","pos","Myeloid Cell Homeostasis","Myeloid Cell Homeostasis"
"Breast-DCIS",3,0,0,0.0171428571428571,"Macrophages","pos","Myeloid Cell Homeostasis","Myeloid Cell Homeostasis"
"Breast-LobularCA",13,0,0,0.0171428571428571,"Macrophages","pos","Myeloid Cell Homeostasis","Myeloid Cell Homeostasis"
"Cervix-AdenoCA",2,0,0,0.0171428571428571,"Macrophages","pos","Myeloid Cell Homeostasis","Myeloid Cell Homeostasis"
"Cervix-SCC",18,0,0,0.0171428571428571,"Macrophages","pos","Myeloid Cell Homeostasis","Myeloid Cell Homeostasis"
"CNS-GBM",41,0,0,0.0171428571428571,"Macrophages","pos","Myeloid Cell Homeostasis","Myeloid Cell Homeostasis"
"CNS-Oligo",18,0,0,0.0171428571428571,"Macrophages","pos","Myeloid Cell Homeostasis","Myeloid Cell Homeostasis"
"CNS-PiloAstro",89,0,0,0.0171428571428571,"Macrophages","pos","Myeloid Cell Homeostasis","Myeloid Cell Homeostasis"
"Head-SCC",57,0,0,0.0171428571428571,"Macrophages","pos","Myeloid Cell Homeostasis","Myeloid Cell Homeostasis"
"Lymph-CLL",95,0,0,0.0171428571428571,"Macrophages","pos","Myeloid Cell Homeostasis","Myeloid Cell Homeostasis"
"Myeloid-AML",13,0,0,0.0171428571428571,"Macrophages","pos","Myeloid Cell Homeostasis","Myeloid Cell Homeostasis"
"Myeloid-MDS",2,0,0,0.0171428571428571,"Macrophages","pos","Myeloid Cell Homeostasis","Myeloid Cell Homeostasis"
"Myeloid-MPN",23,0,0,0.0171428571428571,"Macrophages","pos","Myeloid Cell Homeostasis","Myeloid Cell Homeostasis"
"Ovary-AdenoCA",112,0,0,0.0171428571428571,"Macrophages","pos","Myeloid Cell Homeostasis","Myeloid Cell Homeostasis"
"Panc-Endocrine",85,0,0,0.0171428571428571,"Macrophages","pos","Myeloid Cell Homeostasis","Myeloid Cell Homeostasis"
"Prost-AdenoCA",210,0,0,0.0171428571428571,"Macrophages","pos","Myeloid Cell Homeostasis","Myeloid Cell Homeostasis"
"SoftTissue-Leiomyo",15,0,0,0.0171428571428571,"Macrophages","pos","Myeloid Cell Homeostasis","Myeloid Cell Homeostasis"
"SoftTissue-Liposarc",19,0,0,0.0171428571428571,"Macrophages","pos","Myeloid Cell Homeostasis","Myeloid Cell Homeostasis"
"Thy-AdenoCA",48,0,0,0.0171428571428571,"Macrophages","pos","Myeloid Cell Homeostasis","Myeloid Cell Homeostasis"
"Breast-LobularCA",13,1,0.0769230769230769,0.00914285714285714,"Macrophages","pos","Rhoh Gtpase Cycle","RHOH GTPase Cycle"
"Skin-Melanoma",106,8,0.0754716981132075,0.00914285714285714,"Macrophages","pos","Rhoh Gtpase Cycle","RHOH GTPase Cycle"
"ColoRect-AdenoCA",52,3,0.0576923076923077,0.00914285714285714,"Macrophages","pos","Rhoh Gtpase Cycle","RHOH GTPase Cycle"
"Lung-AdenoCA",38,2,0.0526315789473684,0.00914285714285714,"Macrophages","pos","Rhoh Gtpase Cycle","RHOH GTPase Cycle"
"Lung-SCC",48,2,0.0416666666666667,0.00914285714285714,"Macrophages","pos","Rhoh Gtpase Cycle","RHOH GTPase Cycle"
"CNS-GBM",41,1,0.024390243902439,0.00914285714285714,"Macrophages","pos","Rhoh Gtpase Cycle","RHOH GTPase Cycle"
"Head-SCC",57,1,0.0175438596491228,0.00914285714285714,"Macrophages","pos","Rhoh Gtpase Cycle","RHOH GTPase Cycle"
"Eso-AdenoCA",98,1,0.0102040816326531,0.00914285714285714,"Macrophages","pos","Rhoh Gtpase Cycle","RHOH GTPase Cycle"
"Lymph-BNHL",107,1,0.00934579439252336,0.00914285714285714,"Macrophages","pos","Rhoh Gtpase Cycle","RHOH GTPase Cycle"
"Liver-HCC",315,2,0.00634920634920635,0.00914285714285714,"Macrophages","pos","Rhoh Gtpase Cycle","RHOH GTPase Cycle"
"Breast-AdenoCA",198,1,0.00505050505050505,0.00914285714285714,"Macrophages","pos","Rhoh Gtpase Cycle","RHOH GTPase Cycle"
"Panc-AdenoCA",237,1,0.00421940928270042,0.00914285714285714,"Macrophages","pos","Rhoh Gtpase Cycle","RHOH GTPase Cycle"
"Biliary-AdenoCA",33,0,0,0.00914285714285714,"Macrophages","pos","Rhoh Gtpase Cycle","RHOH GTPase Cycle"
"Bladder-TCC",23,0,0,0.00914285714285714,"Macrophages","pos","Rhoh Gtpase Cycle","RHOH GTPase Cycle"
"Bone-Benign",16,0,0,0.00914285714285714,"Macrophages","pos","Rhoh Gtpase Cycle","RHOH GTPase Cycle"
"Bone-Epith",10,0,0,0.00914285714285714,"Macrophages","pos","Rhoh Gtpase Cycle","RHOH GTPase Cycle"
"Bone-Osteosarc",38,0,0,0.00914285714285714,"Macrophages","pos","Rhoh Gtpase Cycle","RHOH GTPase Cycle"
"Breast-DCIS",3,0,0,0.00914285714285714,"Macrophages","pos","Rhoh Gtpase Cycle","RHOH GTPase Cycle"
"Cervix-AdenoCA",2,0,0,0.00914285714285714,"Macrophages","pos","Rhoh Gtpase Cycle","RHOH GTPase Cycle"
"Cervix-SCC",18,0,0,0.00914285714285714,"Macrophages","pos","Rhoh Gtpase Cycle","RHOH GTPase Cycle"
"CNS-Medullo",146,0,0,0.00914285714285714,"Macrophages","pos","Rhoh Gtpase Cycle","RHOH GTPase Cycle"
"CNS-Oligo",18,0,0,0.00914285714285714,"Macrophages","pos","Rhoh Gtpase Cycle","RHOH GTPase Cycle"
"CNS-PiloAstro",89,0,0,0.00914285714285714,"Macrophages","pos","Rhoh Gtpase Cycle","RHOH GTPase Cycle"
"Kidney-ChRCC",45,0,0,0.00914285714285714,"Macrophages","pos","Rhoh Gtpase Cycle","RHOH GTPase Cycle"
"Kidney-RCC",143,0,0,0.00914285714285714,"Macrophages","pos","Rhoh Gtpase Cycle","RHOH GTPase Cycle"
"Lymph-CLL",95,0,0,0.00914285714285714,"Macrophages","pos","Rhoh Gtpase Cycle","RHOH GTPase Cycle"
"Myeloid-AML",13,0,0,0.00914285714285714,"Macrophages","pos","Rhoh Gtpase Cycle","RHOH GTPase Cycle"
"Myeloid-MDS",2,0,0,0.00914285714285714,"Macrophages","pos","Rhoh Gtpase Cycle","RHOH GTPase Cycle"
"Myeloid-MPN",23,0,0,0.00914285714285714,"Macrophages","pos","Rhoh Gtpase Cycle","RHOH GTPase Cycle"
"Ovary-AdenoCA",112,0,0,0.00914285714285714,"Macrophages","pos","Rhoh Gtpase Cycle","RHOH GTPase Cycle"
"Panc-Endocrine",85,0,0,0.00914285714285714,"Macrophages","pos","Rhoh Gtpase Cycle","RHOH GTPase Cycle"
"Prost-AdenoCA",210,0,0,0.00914285714285714,"Macrophages","pos","Rhoh Gtpase Cycle","RHOH GTPase Cycle"
"SoftTissue-Leiomyo",15,0,0,0.00914285714285714,"Macrophages","pos","Rhoh Gtpase Cycle","RHOH GTPase Cycle"
"SoftTissue-Liposarc",19,0,0,0.00914285714285714,"Macrophages","pos","Rhoh Gtpase Cycle","RHOH GTPase Cycle"
"Stomach-AdenoCA",69,0,0,0.00914285714285714,"Macrophages","pos","Rhoh Gtpase Cycle","RHOH GTPase Cycle"
"Thy-AdenoCA",48,0,0,0.00914285714285714,"Macrophages","pos","Rhoh Gtpase Cycle","RHOH GTPase Cycle"
"Uterus-AdenoCA",40,0,0,0.00914285714285714,"Macrophages","pos","Rhoh Gtpase Cycle","RHOH GTPase Cycle"
"Cervix-AdenoCA",2,1,0.5,0.0468571428571429,"MHCregulators","neg","Protein Methylation","Protein Methylation"
"Panc-Endocrine",85,32,0.376470588235294,0.0468571428571429,"MHCregulators","neg","Protein Methylation","Protein Methylation"
"Myeloid-AML",13,3,0.230769230769231,0.0468571428571429,"MHCregulators","neg","Protein Methylation","Protein Methylation"
"ColoRect-AdenoCA",52,7,0.134615384615385,0.0468571428571429,"MHCregulators","neg","Protein Methylation","Protein Methylation"
"Lung-AdenoCA",38,5,0.131578947368421,0.0468571428571429,"MHCregulators","neg","Protein Methylation","Protein Methylation"
"Lymph-BNHL",107,14,0.130841121495327,0.0468571428571429,"MHCregulators","neg","Protein Methylation","Protein Methylation"
"Skin-Melanoma",106,13,0.122641509433962,0.0468571428571429,"MHCregulators","neg","Protein Methylation","Protein Methylation"
"Eso-AdenoCA",98,10,0.102040816326531,0.0468571428571429,"MHCregulators","neg","Protein Methylation","Protein Methylation"
"Bone-Epith",10,1,0.1,0.0468571428571429,"MHCregulators","neg","Protein Methylation","Protein Methylation"
"Bladder-TCC",23,2,0.0869565217391304,0.0468571428571429,"MHCregulators","neg","Protein Methylation","Protein Methylation"
"Uterus-AdenoCA",40,3,0.075,0.0468571428571429,"MHCregulators","neg","Protein Methylation","Protein Methylation"
"Stomach-AdenoCA",69,5,0.072463768115942,0.0468571428571429,"MHCregulators","neg","Protein Methylation","Protein Methylation"
"Myeloid-MPN",23,1,0.0434782608695652,0.0468571428571429,"MHCregulators","neg","Protein Methylation","Protein Methylation"
"Lung-SCC",48,2,0.0416666666666667,0.0468571428571429,"MHCregulators","neg","Protein Methylation","Protein Methylation"
"Breast-AdenoCA",198,8,0.0404040404040404,0.0468571428571429,"MHCregulators","neg","Protein Methylation","Protein Methylation"
"Head-SCC",57,2,0.0350877192982456,0.0468571428571429,"MHCregulators","neg","Protein Methylation","Protein Methylation"
"Biliary-AdenoCA",33,1,0.0303030303030303,0.0468571428571429,"MHCregulators","neg","Protein Methylation","Protein Methylation"
"Kidney-RCC",143,4,0.027972027972028,0.0468571428571429,"MHCregulators","neg","Protein Methylation","Protein Methylation"
"CNS-GBM",41,1,0.024390243902439,0.0468571428571429,"MHCregulators","neg","Protein Methylation","Protein Methylation"
"CNS-Medullo",146,2,0.0136986301369863,0.0468571428571429,"MHCregulators","neg","Protein Methylation","Protein Methylation"
"Liver-HCC",315,4,0.0126984126984127,0.0468571428571429,"MHCregulators","neg","Protein Methylation","Protein Methylation"
"Ovary-AdenoCA",112,1,0.00892857142857143,0.0468571428571429,"MHCregulators","neg","Protein Methylation","Protein Methylation"
"Panc-AdenoCA",237,1,0.00421940928270042,0.0468571428571429,"MHCregulators","neg","Protein Methylation","Protein Methylation"
"Bone-Benign",16,0,0,0.0468571428571429,"MHCregulators","neg","Protein Methylation","Protein Methylation"
"Bone-Osteosarc",38,0,0,0.0468571428571429,"MHCregulators","neg","Protein Methylation","Protein Methylation"
"Breast-DCIS",3,0,0,0.0468571428571429,"MHCregulators","neg","Protein Methylation","Protein Methylation"
"Breast-LobularCA",13,0,0,0.0468571428571429,"MHCregulators","neg","Protein Methylation","Protein Methylation"
"Cervix-SCC",18,0,0,0.0468571428571429,"MHCregulators","neg","Protein Methylation","Protein Methylation"
"CNS-Oligo",18,0,0,0.0468571428571429,"MHCregulators","neg","Protein Methylation","Protein Methylation"
"CNS-PiloAstro",89,0,0,0.0468571428571429,"MHCregulators","neg","Protein Methylation","Protein Methylation"
"Kidney-ChRCC",45,0,0,0.0468571428571429,"MHCregulators","neg","Protein Methylation","Protein Methylation"
"Lymph-CLL",95,0,0,0.0468571428571429,"MHCregulators","neg","Protein Methylation","Protein Methylation"
"Myeloid-MDS",2,0,0,0.0468571428571429,"MHCregulators","neg","Protein Methylation","Protein Methylation"
"Prost-AdenoCA",210,0,0,0.0468571428571429,"MHCregulators","neg","Protein Methylation","Protein Methylation"
"SoftTissue-Leiomyo",15,0,0,0.0468571428571429,"MHCregulators","neg","Protein Methylation","Protein Methylation"
"SoftTissue-Liposarc",19,0,0,0.0468571428571429,"MHCregulators","neg","Protein Methylation","Protein Methylation"
"Thy-AdenoCA",48,0,0,0.0468571428571429,"MHCregulators","neg","Protein Methylation","Protein Methylation"
"Skin-Melanoma",106,21,0.19811320754717,0.0464761904761905,"MHCregulators","neg","Macroautophagy","Macroautophagy"
"ColoRect-AdenoCA",52,7,0.134615384615385,0.0464761904761905,"MHCregulators","neg","Macroautophagy","Macroautophagy"
"Head-SCC",57,7,0.12280701754386,0.0464761904761905,"MHCregulators","neg","Macroautophagy","Macroautophagy"
"Bladder-TCC",23,2,0.0869565217391304,0.0464761904761905,"MHCregulators","neg","Macroautophagy","Macroautophagy"
"Lung-AdenoCA",38,3,0.0789473684210526,0.0464761904761905,"MHCregulators","neg","Macroautophagy","Macroautophagy"
"Liver-HCC",315,24,0.0761904761904762,0.0464761904761905,"MHCregulators","neg","Macroautophagy","Macroautophagy"
"Uterus-AdenoCA",40,3,0.075,0.0464761904761905,"MHCregulators","neg","Macroautophagy","Macroautophagy"
"Kidney-ChRCC",45,3,0.0666666666666667,0.0464761904761905,"MHCregulators","neg","Macroautophagy","Macroautophagy"
"SoftTissue-Leiomyo",15,1,0.0666666666666667,0.0464761904761905,"MHCregulators","neg","Macroautophagy","Macroautophagy"
"Lung-SCC",48,3,0.0625,0.0464761904761905,"MHCregulators","neg","Macroautophagy","Macroautophagy"
"Stomach-AdenoCA",69,4,0.0579710144927536,0.0464761904761905,"MHCregulators","neg","Macroautophagy","Macroautophagy"
"Bone-Osteosarc",38,2,0.0526315789473684,0.0464761904761905,"MHCregulators","neg","Macroautophagy","Macroautophagy"
"SoftTissue-Liposarc",19,1,0.0526315789473684,0.0464761904761905,"MHCregulators","neg","Macroautophagy","Macroautophagy"
"Eso-AdenoCA",98,5,0.0510204081632653,0.0464761904761905,"MHCregulators","neg","Macroautophagy","Macroautophagy"
"CNS-GBM",41,2,0.048780487804878,0.0464761904761905,"MHCregulators","neg","Macroautophagy","Macroautophagy"
"Lymph-BNHL",107,5,0.0467289719626168,0.0464761904761905,"MHCregulators","neg","Macroautophagy","Macroautophagy"
"Breast-AdenoCA",198,9,0.0454545454545455,0.0464761904761905,"MHCregulators","neg","Macroautophagy","Macroautophagy"
"Kidney-RCC",143,6,0.041958041958042,0.0464761904761905,"MHCregulators","neg","Macroautophagy","Macroautophagy"
"Biliary-AdenoCA",33,1,0.0303030303030303,0.0464761904761905,"MHCregulators","neg","Macroautophagy","Macroautophagy"
"Panc-AdenoCA",237,6,0.0253164556962025,0.0464761904761905,"MHCregulators","neg","Macroautophagy","Macroautophagy"
"Panc-Endocrine",85,2,0.0235294117647059,0.0464761904761905,"MHCregulators","neg","Macroautophagy","Macroautophagy"
"Ovary-AdenoCA",112,2,0.0178571428571429,0.0464761904761905,"MHCregulators","neg","Macroautophagy","Macroautophagy"
"Prost-AdenoCA",210,2,0.00952380952380952,0.0464761904761905,"MHCregulators","neg","Macroautophagy","Macroautophagy"
"CNS-Medullo",146,1,0.00684931506849315,0.0464761904761905,"MHCregulators","neg","Macroautophagy","Macroautophagy"
"Bone-Benign",16,0,0,0.0464761904761905,"MHCregulators","neg","Macroautophagy","Macroautophagy"
"Bone-Epith",10,0,0,0.0464761904761905,"MHCregulators","neg","Macroautophagy","Macroautophagy"
"Breast-DCIS",3,0,0,0.0464761904761905,"MHCregulators","neg","Macroautophagy","Macroautophagy"
"Breast-LobularCA",13,0,0,0.0464761904761905,"MHCregulators","neg","Macroautophagy","Macroautophagy"
"Cervix-AdenoCA",2,0,0,0.0464761904761905,"MHCregulators","neg","Macroautophagy","Macroautophagy"
"Cervix-SCC",18,0,0,0.0464761904761905,"MHCregulators","neg","Macroautophagy","Macroautophagy"
"CNS-Oligo",18,0,0,0.0464761904761905,"MHCregulators","neg","Macroautophagy","Macroautophagy"
"CNS-PiloAstro",89,0,0,0.0464761904761905,"MHCregulators","neg","Macroautophagy","Macroautophagy"
"Lymph-CLL",95,0,0,0.0464761904761905,"MHCregulators","neg","Macroautophagy","Macroautophagy"
"Myeloid-AML",13,0,0,0.0464761904761905,"MHCregulators","neg","Macroautophagy","Macroautophagy"
"Myeloid-MDS",2,0,0,0.0464761904761905,"MHCregulators","neg","Macroautophagy","Macroautophagy"
"Myeloid-MPN",23,0,0,0.0464761904761905,"MHCregulators","neg","Macroautophagy","Macroautophagy"
"Thy-AdenoCA",48,0,0,0.0464761904761905,"MHCregulators","neg","Macroautophagy","Macroautophagy"
"ColoRect-AdenoCA",52,10,0.192307692307692,0.0373333333333333,"MHCregulators","neg","Carbohydrate Biosynthetic Process","Carbohydrate Biosynthetic Process"
"Cervix-SCC",18,3,0.166666666666667,0.0373333333333333,"MHCregulators","neg","Carbohydrate Biosynthetic Process","Carbohydrate Biosynthetic Process"
"Head-SCC",57,9,0.157894736842105,0.0373333333333333,"MHCregulators","neg","Carbohydrate Biosynthetic Process","Carbohydrate Biosynthetic Process"
"Lung-AdenoCA",38,5,0.131578947368421,0.0373333333333333,"MHCregulators","neg","Carbohydrate Biosynthetic Process","Carbohydrate Biosynthetic Process"
"Skin-Melanoma",106,13,0.122641509433962,0.0373333333333333,"MHCregulators","neg","Carbohydrate Biosynthetic Process","Carbohydrate Biosynthetic Process"
"Bladder-TCC",23,2,0.0869565217391304,0.0373333333333333,"MHCregulators","neg","Carbohydrate Biosynthetic Process","Carbohydrate Biosynthetic Process"
"Breast-LobularCA",13,1,0.0769230769230769,0.0373333333333333,"MHCregulators","neg","Carbohydrate Biosynthetic Process","Carbohydrate Biosynthetic Process"
"Lung-SCC",48,3,0.0625,0.0373333333333333,"MHCregulators","neg","Carbohydrate Biosynthetic Process","Carbohydrate Biosynthetic Process"
"Biliary-AdenoCA",33,2,0.0606060606060606,0.0373333333333333,"MHCregulators","neg","Carbohydrate Biosynthetic Process","Carbohydrate Biosynthetic Process"
"Lymph-BNHL",107,6,0.0560747663551402,0.0373333333333333,"MHCregulators","neg","Carbohydrate Biosynthetic Process","Carbohydrate Biosynthetic Process"
"CNS-GBM",41,2,0.048780487804878,0.0373333333333333,"MHCregulators","neg","Carbohydrate Biosynthetic Process","Carbohydrate Biosynthetic Process"
"Breast-AdenoCA",198,8,0.0404040404040404,0.0373333333333333,"MHCregulators","neg","Carbohydrate Biosynthetic Process","Carbohydrate Biosynthetic Process"
"Liver-HCC",315,11,0.0349206349206349,0.0373333333333333,"MHCregulators","neg","Carbohydrate Biosynthetic Process","Carbohydrate Biosynthetic Process"
"Eso-AdenoCA",98,3,0.0306122448979592,0.0373333333333333,"MHCregulators","neg","Carbohydrate Biosynthetic Process","Carbohydrate Biosynthetic Process"
"Stomach-AdenoCA",69,2,0.0289855072463768,0.0373333333333333,"MHCregulators","neg","Carbohydrate Biosynthetic Process","Carbohydrate Biosynthetic Process"
"Kidney-RCC",143,4,0.027972027972028,0.0373333333333333,"MHCregulators","neg","Carbohydrate Biosynthetic Process","Carbohydrate Biosynthetic Process"
"Ovary-AdenoCA",112,3,0.0267857142857143,0.0373333333333333,"MHCregulators","neg","Carbohydrate Biosynthetic Process","Carbohydrate Biosynthetic Process"
"Bone-Osteosarc",38,1,0.0263157894736842,0.0373333333333333,"MHCregulators","neg","Carbohydrate Biosynthetic Process","Carbohydrate Biosynthetic Process"
"Panc-AdenoCA",237,5,0.0210970464135021,0.0373333333333333,"MHCregulators","neg","Carbohydrate Biosynthetic Process","Carbohydrate Biosynthetic Process"
"Lymph-CLL",95,2,0.0210526315789474,0.0373333333333333,"MHCregulators","neg","Carbohydrate Biosynthetic Process","Carbohydrate Biosynthetic Process"
"Thy-AdenoCA",48,1,0.0208333333333333,0.0373333333333333,"MHCregulators","neg","Carbohydrate Biosynthetic Process","Carbohydrate Biosynthetic Process"
"Panc-Endocrine",85,1,0.0117647058823529,0.0373333333333333,"MHCregulators","neg","Carbohydrate Biosynthetic Process","Carbohydrate Biosynthetic Process"
"Prost-AdenoCA",210,1,0.00476190476190476,0.0373333333333333,"MHCregulators","neg","Carbohydrate Biosynthetic Process","Carbohydrate Biosynthetic Process"
"Bone-Benign",16,0,0,0.0373333333333333,"MHCregulators","neg","Carbohydrate Biosynthetic Process","Carbohydrate Biosynthetic Process"
"Bone-Epith",10,0,0,0.0373333333333333,"MHCregulators","neg","Carbohydrate Biosynthetic Process","Carbohydrate Biosynthetic Process"
"Breast-DCIS",3,0,0,0.0373333333333333,"MHCregulators","neg","Carbohydrate Biosynthetic Process","Carbohydrate Biosynthetic Process"
"Cervix-AdenoCA",2,0,0,0.0373333333333333,"MHCregulators","neg","Carbohydrate Biosynthetic Process","Carbohydrate Biosynthetic Process"
"CNS-Medullo",146,0,0,0.0373333333333333,"MHCregulators","neg","Carbohydrate Biosynthetic Process","Carbohydrate Biosynthetic Process"
"CNS-Oligo",18,0,0,0.0373333333333333,"MHCregulators","neg","Carbohydrate Biosynthetic Process","Carbohydrate Biosynthetic Process"
"CNS-PiloAstro",89,0,0,0.0373333333333333,"MHCregulators","neg","Carbohydrate Biosynthetic Process","Carbohydrate Biosynthetic Process"
"Kidney-ChRCC",45,0,0,0.0373333333333333,"MHCregulators","neg","Carbohydrate Biosynthetic Process","Carbohydrate Biosynthetic Process"
"Myeloid-AML",13,0,0,0.0373333333333333,"MHCregulators","neg","Carbohydrate Biosynthetic Process","Carbohydrate Biosynthetic Process"
"Myeloid-MDS",2,0,0,0.0373333333333333,"MHCregulators","neg","Carbohydrate Biosynthetic Process","Carbohydrate Biosynthetic Process"
"Myeloid-MPN",23,0,0,0.0373333333333333,"MHCregulators","neg","Carbohydrate Biosynthetic Process","Carbohydrate Biosynthetic Process"
"SoftTissue-Leiomyo",15,0,0,0.0373333333333333,"MHCregulators","neg","Carbohydrate Biosynthetic Process","Carbohydrate Biosynthetic Process"
"SoftTissue-Liposarc",19,0,0,0.0373333333333333,"MHCregulators","neg","Carbohydrate Biosynthetic Process","Carbohydrate Biosynthetic Process"
"Uterus-AdenoCA",40,0,0,0.0373333333333333,"MHCregulators","neg","Carbohydrate Biosynthetic Process","Carbohydrate Biosynthetic Process"
"ColoRect-AdenoCA",52,9,0.173076923076923,0.0300952380952381,"MHCregulators","neg","Glycosylation","Glycosylation"
"Cervix-SCC",18,3,0.166666666666667,0.0300952380952381,"MHCregulators","neg","Glycosylation","Glycosylation"
"Lung-AdenoCA",38,6,0.157894736842105,0.0300952380952381,"MHCregulators","neg","Glycosylation","Glycosylation"
"Head-SCC",57,5,0.087719298245614,0.0300952380952381,"MHCregulators","neg","Glycosylation","Glycosylation"
"Breast-LobularCA",13,1,0.0769230769230769,0.0300952380952381,"MHCregulators","neg","Glycosylation","Glycosylation"
"Skin-Melanoma",106,8,0.0754716981132075,0.0300952380952381,"MHCregulators","neg","Glycosylation","Glycosylation"
"Bone-Benign",16,1,0.0625,0.0300952380952381,"MHCregulators","neg","Glycosylation","Glycosylation"
"Biliary-AdenoCA",33,2,0.0606060606060606,0.0300952380952381,"MHCregulators","neg","Glycosylation","Glycosylation"
"Ovary-AdenoCA",112,6,0.0535714285714286,0.0300952380952381,"MHCregulators","neg","Glycosylation","Glycosylation"
"CNS-GBM",41,2,0.048780487804878,0.0300952380952381,"MHCregulators","neg","Glycosylation","Glycosylation"
"Panc-AdenoCA",237,8,0.0337552742616034,0.0300952380952381,"MHCregulators","neg","Glycosylation","Glycosylation"
"Eso-AdenoCA",98,3,0.0306122448979592,0.0300952380952381,"MHCregulators","neg","Glycosylation","Glycosylation"
"Breast-AdenoCA",198,6,0.0303030303030303,0.0300952380952381,"MHCregulators","neg","Glycosylation","Glycosylation"
"Lymph-BNHL",107,3,0.0280373831775701,0.0300952380952381,"MHCregulators","neg","Glycosylation","Glycosylation"
"Uterus-AdenoCA",40,1,0.025,0.0300952380952381,"MHCregulators","neg","Glycosylation","Glycosylation"
"Panc-Endocrine",85,2,0.0235294117647059,0.0300952380952381,"MHCregulators","neg","Glycosylation","Glycosylation"
"Kidney-RCC",143,3,0.020979020979021,0.0300952380952381,"MHCregulators","neg","Glycosylation","Glycosylation"
"Lung-SCC",48,1,0.0208333333333333,0.0300952380952381,"MHCregulators","neg","Glycosylation","Glycosylation"
"Thy-AdenoCA",48,1,0.0208333333333333,0.0300952380952381,"MHCregulators","neg","Glycosylation","Glycosylation"
"Stomach-AdenoCA",69,1,0.0144927536231884,0.0300952380952381,"MHCregulators","neg","Glycosylation","Glycosylation"
"CNS-Medullo",146,2,0.0136986301369863,0.0300952380952381,"MHCregulators","neg","Glycosylation","Glycosylation"
"Liver-HCC",315,4,0.0126984126984127,0.0300952380952381,"MHCregulators","neg","Glycosylation","Glycosylation"
"Lymph-CLL",95,1,0.0105263157894737,0.0300952380952381,"MHCregulators","neg","Glycosylation","Glycosylation"
"Bladder-TCC",23,0,0,0.0300952380952381,"MHCregulators","neg","Glycosylation","Glycosylation"
"Bone-Epith",10,0,0,0.0300952380952381,"MHCregulators","neg","Glycosylation","Glycosylation"
"Bone-Osteosarc",38,0,0,0.0300952380952381,"MHCregulators","neg","Glycosylation","Glycosylation"
"Breast-DCIS",3,0,0,0.0300952380952381,"MHCregulators","neg","Glycosylation","Glycosylation"
"Cervix-AdenoCA",2,0,0,0.0300952380952381,"MHCregulators","neg","Glycosylation","Glycosylation"
"CNS-Oligo",18,0,0,0.0300952380952381,"MHCregulators","neg","Glycosylation","Glycosylation"
"CNS-PiloAstro",89,0,0,0.0300952380952381,"MHCregulators","neg","Glycosylation","Glycosylation"
"Kidney-ChRCC",45,0,0,0.0300952380952381,"MHCregulators","neg","Glycosylation","Glycosylation"
"Myeloid-AML",13,0,0,0.0300952380952381,"MHCregulators","neg","Glycosylation","Glycosylation"
"Myeloid-MDS",2,0,0,0.0300952380952381,"MHCregulators","neg","Glycosylation","Glycosylation"
"Myeloid-MPN",23,0,0,0.0300952380952381,"MHCregulators","neg","Glycosylation","Glycosylation"
"Prost-AdenoCA",210,0,0,0.0300952380952381,"MHCregulators","neg","Glycosylation","Glycosylation"
"SoftTissue-Leiomyo",15,0,0,0.0300952380952381,"MHCregulators","neg","Glycosylation","Glycosylation"
"SoftTissue-Liposarc",19,0,0,0.0300952380952381,"MHCregulators","neg","Glycosylation","Glycosylation"
"Bladder-TCC",23,2,0.0869565217391304,0.0179047619047619,"MHCregulators","neg","Negative Regulation Of Tor Signaling","Negative Regulation of TOR Signaling"
"ColoRect-AdenoCA",52,4,0.0769230769230769,0.0179047619047619,"MHCregulators","neg","Negative Regulation Of Tor Signaling","Negative Regulation of TOR Signaling"
"Skin-Melanoma",106,6,0.0566037735849057,0.0179047619047619,"MHCregulators","neg","Negative Regulation Of Tor Signaling","Negative Regulation of TOR Signaling"
"Uterus-AdenoCA",40,2,0.05,0.0179047619047619,"MHCregulators","neg","Negative Regulation Of Tor Signaling","Negative Regulation of TOR Signaling"
"Kidney-ChRCC",45,2,0.0444444444444444,0.0179047619047619,"MHCregulators","neg","Negative Regulation Of Tor Signaling","Negative Regulation of TOR Signaling"
"Liver-HCC",315,10,0.0317460317460317,0.0179047619047619,"MHCregulators","neg","Negative Regulation Of Tor Signaling","Negative Regulation of TOR Signaling"
"Stomach-AdenoCA",69,2,0.0289855072463768,0.0179047619047619,"MHCregulators","neg","Negative Regulation Of Tor Signaling","Negative Regulation of TOR Signaling"
"Bone-Osteosarc",38,1,0.0263157894736842,0.0179047619047619,"MHCregulators","neg","Negative Regulation Of Tor Signaling","Negative Regulation of TOR Signaling"
"Lung-AdenoCA",38,1,0.0263157894736842,0.0179047619047619,"MHCregulators","neg","Negative Regulation Of Tor Signaling","Negative Regulation of TOR Signaling"
"CNS-GBM",41,1,0.024390243902439,0.0179047619047619,"MHCregulators","neg","Negative Regulation Of Tor Signaling","Negative Regulation of TOR Signaling"
"Panc-Endocrine",85,2,0.0235294117647059,0.0179047619047619,"MHCregulators","neg","Negative Regulation Of Tor Signaling","Negative Regulation of TOR Signaling"
"Lung-SCC",48,1,0.0208333333333333,0.0179047619047619,"MHCregulators","neg","Negative Regulation Of Tor Signaling","Negative Regulation of TOR Signaling"
"Eso-AdenoCA",98,2,0.0204081632653061,0.0179047619047619,"MHCregulators","neg","Negative Regulation Of Tor Signaling","Negative Regulation of TOR Signaling"
"Breast-AdenoCA",198,4,0.0202020202020202,0.0179047619047619,"MHCregulators","neg","Negative Regulation Of Tor Signaling","Negative Regulation of TOR Signaling"
"Kidney-RCC",143,2,0.013986013986014,0.0179047619047619,"MHCregulators","neg","Negative Regulation Of Tor Signaling","Negative Regulation of TOR Signaling"
"Panc-AdenoCA",237,3,0.0126582278481013,0.0179047619047619,"MHCregulators","neg","Negative Regulation Of Tor Signaling","Negative Regulation of TOR Signaling"
"Lymph-BNHL",107,1,0.00934579439252336,0.0179047619047619,"MHCregulators","neg","Negative Regulation Of Tor Signaling","Negative Regulation of TOR Signaling"
"Ovary-AdenoCA",112,1,0.00892857142857143,0.0179047619047619,"MHCregulators","neg","Negative Regulation Of Tor Signaling","Negative Regulation of TOR Signaling"
"Biliary-AdenoCA",33,0,0,0.0179047619047619,"MHCregulators","neg","Negative Regulation Of Tor Signaling","Negative Regulation of TOR Signaling"
"Bone-Benign",16,0,0,0.0179047619047619,"MHCregulators","neg","Negative Regulation Of Tor Signaling","Negative Regulation of TOR Signaling"
"Bone-Epith",10,0,0,0.0179047619047619,"MHCregulators","neg","Negative Regulation Of Tor Signaling","Negative Regulation of TOR Signaling"
"Breast-DCIS",3,0,0,0.0179047619047619,"MHCregulators","neg","Negative Regulation Of Tor Signaling","Negative Regulation of TOR Signaling"
"Breast-LobularCA",13,0,0,0.0179047619047619,"MHCregulators","neg","Negative Regulation Of Tor Signaling","Negative Regulation of TOR Signaling"
"Cervix-AdenoCA",2,0,0,0.0179047619047619,"MHCregulators","neg","Negative Regulation Of Tor Signaling","Negative Regulation of TOR Signaling"
"Cervix-SCC",18,0,0,0.0179047619047619,"MHCregulators","neg","Negative Regulation Of Tor Signaling","Negative Regulation of TOR Signaling"
"CNS-Medullo",146,0,0,0.0179047619047619,"MHCregulators","neg","Negative Regulation Of Tor Signaling","Negative Regulation of TOR Signaling"
"CNS-Oligo",18,0,0,0.0179047619047619,"MHCregulators","neg","Negative Regulation Of Tor Signaling","Negative Regulation of TOR Signaling"
"CNS-PiloAstro",89,0,0,0.0179047619047619,"MHCregulators","neg","Negative Regulation Of Tor Signaling","Negative Regulation of TOR Signaling"
"Head-SCC",57,0,0,0.0179047619047619,"MHCregulators","neg","Negative Regulation Of Tor Signaling","Negative Regulation of TOR Signaling"
"Lymph-CLL",95,0,0,0.0179047619047619,"MHCregulators","neg","Negative Regulation Of Tor Signaling","Negative Regulation of TOR Signaling"
"Myeloid-AML",13,0,0,0.0179047619047619,"MHCregulators","neg","Negative Regulation Of Tor Signaling","Negative Regulation of TOR Signaling"
"Myeloid-MDS",2,0,0,0.0179047619047619,"MHCregulators","neg","Negative Regulation Of Tor Signaling","Negative Regulation of TOR Signaling"
"Myeloid-MPN",23,0,0,0.0179047619047619,"MHCregulators","neg","Negative Regulation Of Tor Signaling","Negative Regulation of TOR Signaling"
"Prost-AdenoCA",210,0,0,0.0179047619047619,"MHCregulators","neg","Negative Regulation Of Tor Signaling","Negative Regulation of TOR Signaling"
"SoftTissue-Leiomyo",15,0,0,0.0179047619047619,"MHCregulators","neg","Negative Regulation Of Tor Signaling","Negative Regulation of TOR Signaling"
"SoftTissue-Liposarc",19,0,0,0.0179047619047619,"MHCregulators","neg","Negative Regulation Of Tor Signaling","Negative Regulation of TOR Signaling"
"Thy-AdenoCA",48,0,0,0.0179047619047619,"MHCregulators","neg","Negative Regulation Of Tor Signaling","Negative Regulation of TOR Signaling"
"Bone-Epith",10,1,0.1,0.0125714285714286,"MHCregulators","neg","Histone Ubiquitination","Histone Ubiquitination"
"Bladder-TCC",23,2,0.0869565217391304,0.0125714285714286,"MHCregulators","neg","Histone Ubiquitination","Histone Ubiquitination"
"ColoRect-AdenoCA",52,4,0.0769230769230769,0.0125714285714286,"MHCregulators","neg","Histone Ubiquitination","Histone Ubiquitination"
"Skin-Melanoma",106,4,0.0377358490566038,0.0125714285714286,"MHCregulators","neg","Histone Ubiquitination","Histone Ubiquitination"
"Eso-AdenoCA",98,3,0.0306122448979592,0.0125714285714286,"MHCregulators","neg","Histone Ubiquitination","Histone Ubiquitination"
"Stomach-AdenoCA",69,2,0.0289855072463768,0.0125714285714286,"MHCregulators","neg","Histone Ubiquitination","Histone Ubiquitination"
"Uterus-AdenoCA",40,1,0.025,0.0125714285714286,"MHCregulators","neg","Histone Ubiquitination","Histone Ubiquitination"
"Ovary-AdenoCA",112,2,0.0178571428571429,0.0125714285714286,"MHCregulators","neg","Histone Ubiquitination","Histone Ubiquitination"
"Breast-AdenoCA",198,3,0.0151515151515152,0.0125714285714286,"MHCregulators","neg","Histone Ubiquitination","Histone Ubiquitination"
"Kidney-RCC",143,2,0.013986013986014,0.0125714285714286,"MHCregulators","neg","Histone Ubiquitination","Histone Ubiquitination"
"CNS-Medullo",146,2,0.0136986301369863,0.0125714285714286,"MHCregulators","neg","Histone Ubiquitination","Histone Ubiquitination"
"Liver-HCC",315,4,0.0126984126984127,0.0125714285714286,"MHCregulators","neg","Histone Ubiquitination","Histone Ubiquitination"
"Panc-Endocrine",85,1,0.0117647058823529,0.0125714285714286,"MHCregulators","neg","Histone Ubiquitination","Histone Ubiquitination"
"Lymph-BNHL",107,1,0.00934579439252336,0.0125714285714286,"MHCregulators","neg","Histone Ubiquitination","Histone Ubiquitination"
"Panc-AdenoCA",237,1,0.00421940928270042,0.0125714285714286,"MHCregulators","neg","Histone Ubiquitination","Histone Ubiquitination"
"Biliary-AdenoCA",33,0,0,0.0125714285714286,"MHCregulators","neg","Histone Ubiquitination","Histone Ubiquitination"
"Bone-Benign",16,0,0,0.0125714285714286,"MHCregulators","neg","Histone Ubiquitination","Histone Ubiquitination"
"Bone-Osteosarc",38,0,0,0.0125714285714286,"MHCregulators","neg","Histone Ubiquitination","Histone Ubiquitination"
"Breast-DCIS",3,0,0,0.0125714285714286,"MHCregulators","neg","Histone Ubiquitination","Histone Ubiquitination"
"Breast-LobularCA",13,0,0,0.0125714285714286,"MHCregulators","neg","Histone Ubiquitination","Histone Ubiquitination"
"Cervix-AdenoCA",2,0,0,0.0125714285714286,"MHCregulators","neg","Histone Ubiquitination","Histone Ubiquitination"
"Cervix-SCC",18,0,0,0.0125714285714286,"MHCregulators","neg","Histone Ubiquitination","Histone Ubiquitination"
"CNS-GBM",41,0,0,0.0125714285714286,"MHCregulators","neg","Histone Ubiquitination","Histone Ubiquitination"
"CNS-Oligo",18,0,0,0.0125714285714286,"MHCregulators","neg","Histone Ubiquitination","Histone Ubiquitination"
"CNS-PiloAstro",89,0,0,0.0125714285714286,"MHCregulators","neg","Histone Ubiquitination","Histone Ubiquitination"
"Head-SCC",57,0,0,0.0125714285714286,"MHCregulators","neg","Histone Ubiquitination","Histone Ubiquitination"
"Kidney-ChRCC",45,0,0,0.0125714285714286,"MHCregulators","neg","Histone Ubiquitination","Histone Ubiquitination"
"Lung-AdenoCA",38,0,0,0.0125714285714286,"MHCregulators","neg","Histone Ubiquitination","Histone Ubiquitination"
"Lung-SCC",48,0,0,0.0125714285714286,"MHCregulators","neg","Histone Ubiquitination","Histone Ubiquitination"
"Lymph-CLL",95,0,0,0.0125714285714286,"MHCregulators","neg","Histone Ubiquitination","Histone Ubiquitination"
"Myeloid-AML",13,0,0,0.0125714285714286,"MHCregulators","neg","Histone Ubiquitination","Histone Ubiquitination"
"Myeloid-MDS",2,0,0,0.0125714285714286,"MHCregulators","neg","Histone Ubiquitination","Histone Ubiquitination"
"Myeloid-MPN",23,0,0,0.0125714285714286,"MHCregulators","neg","Histone Ubiquitination","Histone Ubiquitination"
"Prost-AdenoCA",210,0,0,0.0125714285714286,"MHCregulators","neg","Histone Ubiquitination","Histone Ubiquitination"
"SoftTissue-Leiomyo",15,0,0,0.0125714285714286,"MHCregulators","neg","Histone Ubiquitination","Histone Ubiquitination"
"SoftTissue-Liposarc",19,0,0,0.0125714285714286,"MHCregulators","neg","Histone Ubiquitination","Histone Ubiquitination"
"Thy-AdenoCA",48,0,0,0.0125714285714286,"MHCregulators","neg","Histone Ubiquitination","Histone Ubiquitination"
"Lymph-BNHL",107,20,0.186915887850467,0.0457142857142857,"MHCregulators","pos","Interferon Gamma Signaling","IFNg Signaling"
"ColoRect-AdenoCA",52,9,0.173076923076923,0.0457142857142857,"MHCregulators","pos","Interferon Gamma Signaling","IFNg Signaling"
"Skin-Melanoma",106,18,0.169811320754717,0.0457142857142857,"MHCregulators","pos","Interferon Gamma Signaling","IFNg Signaling"
"Bladder-TCC",23,3,0.130434782608696,0.0457142857142857,"MHCregulators","pos","Interferon Gamma Signaling","IFNg Signaling"
"Stomach-AdenoCA",69,9,0.130434782608696,0.0457142857142857,"MHCregulators","pos","Interferon Gamma Signaling","IFNg Signaling"
"Head-SCC",57,5,0.087719298245614,0.0457142857142857,"MHCregulators","pos","Interferon Gamma Signaling","IFNg Signaling"
"Lung-AdenoCA",38,3,0.0789473684210526,0.0457142857142857,"MHCregulators","pos","Interferon Gamma Signaling","IFNg Signaling"
"Eso-AdenoCA",98,5,0.0510204081632653,0.0457142857142857,"MHCregulators","pos","Interferon Gamma Signaling","IFNg Signaling"
"CNS-GBM",41,2,0.048780487804878,0.0457142857142857,"MHCregulators","pos","Interferon Gamma Signaling","IFNg Signaling"
"Myeloid-MPN",23,1,0.0434782608695652,0.0457142857142857,"MHCregulators","pos","Interferon Gamma Signaling","IFNg Signaling"
"Panc-AdenoCA",237,10,0.0421940928270042,0.0457142857142857,"MHCregulators","pos","Interferon Gamma Signaling","IFNg Signaling"
"Lung-SCC",48,2,0.0416666666666667,0.0457142857142857,"MHCregulators","pos","Interferon Gamma Signaling","IFNg Signaling"
"Kidney-RCC",143,5,0.034965034965035,0.0457142857142857,"MHCregulators","pos","Interferon Gamma Signaling","IFNg Signaling"
"Liver-HCC",315,11,0.0349206349206349,0.0457142857142857,"MHCregulators","pos","Interferon Gamma Signaling","IFNg Signaling"
"Lymph-CLL",95,3,0.0315789473684211,0.0457142857142857,"MHCregulators","pos","Interferon Gamma Signaling","IFNg Signaling"
"Bone-Osteosarc",38,1,0.0263157894736842,0.0457142857142857,"MHCregulators","pos","Interferon Gamma Signaling","IFNg Signaling"
"Breast-AdenoCA",198,5,0.0252525252525253,0.0457142857142857,"MHCregulators","pos","Interferon Gamma Signaling","IFNg Signaling"
"Uterus-AdenoCA",40,1,0.025,0.0457142857142857,"MHCregulators","pos","Interferon Gamma Signaling","IFNg Signaling"
"Kidney-ChRCC",45,1,0.0222222222222222,0.0457142857142857,"MHCregulators","pos","Interferon Gamma Signaling","IFNg Signaling"
"Thy-AdenoCA",48,1,0.0208333333333333,0.0457142857142857,"MHCregulators","pos","Interferon Gamma Signaling","IFNg Signaling"
"Panc-Endocrine",85,1,0.0117647058823529,0.0457142857142857,"MHCregulators","pos","Interferon Gamma Signaling","IFNg Signaling"
"Prost-AdenoCA",210,2,0.00952380952380952,0.0457142857142857,"MHCregulators","pos","Interferon Gamma Signaling","IFNg Signaling"
"Ovary-AdenoCA",112,1,0.00892857142857143,0.0457142857142857,"MHCregulators","pos","Interferon Gamma Signaling","IFNg Signaling"
"CNS-Medullo",146,1,0.00684931506849315,0.0457142857142857,"MHCregulators","pos","Interferon Gamma Signaling","IFNg Signaling"
"Biliary-AdenoCA",33,0,0,0.0457142857142857,"MHCregulators","pos","Interferon Gamma Signaling","IFNg Signaling"
"Bone-Benign",16,0,0,0.0457142857142857,"MHCregulators","pos","Interferon Gamma Signaling","IFNg Signaling"
"Bone-Epith",10,0,0,0.0457142857142857,"MHCregulators","pos","Interferon Gamma Signaling","IFNg Signaling"
"Breast-DCIS",3,0,0,0.0457142857142857,"MHCregulators","pos","Interferon Gamma Signaling","IFNg Signaling"
"Breast-LobularCA",13,0,0,0.0457142857142857,"MHCregulators","pos","Interferon Gamma Signaling","IFNg Signaling"
"Cervix-AdenoCA",2,0,0,0.0457142857142857,"MHCregulators","pos","Interferon Gamma Signaling","IFNg Signaling"
"Cervix-SCC",18,0,0,0.0457142857142857,"MHCregulators","pos","Interferon Gamma Signaling","IFNg Signaling"
"CNS-Oligo",18,0,0,0.0457142857142857,"MHCregulators","pos","Interferon Gamma Signaling","IFNg Signaling"
"CNS-PiloAstro",89,0,0,0.0457142857142857,"MHCregulators","pos","Interferon Gamma Signaling","IFNg Signaling"
"Myeloid-AML",13,0,0,0.0457142857142857,"MHCregulators","pos","Interferon Gamma Signaling","IFNg Signaling"
"Myeloid-MDS",2,0,0,0.0457142857142857,"MHCregulators","pos","Interferon Gamma Signaling","IFNg Signaling"
"SoftTissue-Leiomyo",15,0,0,0.0457142857142857,"MHCregulators","pos","Interferon Gamma Signaling","IFNg Signaling"
"SoftTissue-Liposarc",19,0,0,0.0457142857142857,"MHCregulators","pos","Interferon Gamma Signaling","IFNg Signaling"
"Bladder-TCC",23,4,0.173913043478261,0.0403809523809524,"MHCregulators","pos","Rna Splicing Via Transesterification Reactions","RNA Splicing"
"ColoRect-AdenoCA",52,8,0.153846153846154,0.0403809523809524,"MHCregulators","pos","Rna Splicing Via Transesterification Reactions","RNA Splicing"
"Skin-Melanoma",106,16,0.150943396226415,0.0403809523809524,"MHCregulators","pos","Rna Splicing Via Transesterification Reactions","RNA Splicing"
"Lung-AdenoCA",38,4,0.105263157894737,0.0403809523809524,"MHCregulators","pos","Rna Splicing Via Transesterification Reactions","RNA Splicing"
"Breast-LobularCA",13,1,0.0769230769230769,0.0403809523809524,"MHCregulators","pos","Rna Splicing Via Transesterification Reactions","RNA Splicing"
"Myeloid-AML",13,1,0.0769230769230769,0.0403809523809524,"MHCregulators","pos","Rna Splicing Via Transesterification Reactions","RNA Splicing"
"Uterus-AdenoCA",40,3,0.075,0.0403809523809524,"MHCregulators","pos","Rna Splicing Via Transesterification Reactions","RNA Splicing"
"Stomach-AdenoCA",69,5,0.072463768115942,0.0403809523809524,"MHCregulators","pos","Rna Splicing Via Transesterification Reactions","RNA Splicing"
"Lung-SCC",48,3,0.0625,0.0403809523809524,"MHCregulators","pos","Rna Splicing Via Transesterification Reactions","RNA Splicing"
"Eso-AdenoCA",98,6,0.0612244897959184,0.0403809523809524,"MHCregulators","pos","Rna Splicing Via Transesterification Reactions","RNA Splicing"
"Lymph-BNHL",107,6,0.0560747663551402,0.0403809523809524,"MHCregulators","pos","Rna Splicing Via Transesterification Reactions","RNA Splicing"
"Cervix-SCC",18,1,0.0555555555555556,0.0403809523809524,"MHCregulators","pos","Rna Splicing Via Transesterification Reactions","RNA Splicing"
"CNS-Oligo",18,1,0.0555555555555556,0.0403809523809524,"MHCregulators","pos","Rna Splicing Via Transesterification Reactions","RNA Splicing"
"Head-SCC",57,3,0.0526315789473684,0.0403809523809524,"MHCregulators","pos","Rna Splicing Via Transesterification Reactions","RNA Splicing"
"Liver-HCC",315,15,0.0476190476190476,0.0403809523809524,"MHCregulators","pos","Rna Splicing Via Transesterification Reactions","RNA Splicing"
"Panc-AdenoCA",237,11,0.0464135021097046,0.0403809523809524,"MHCregulators","pos","Rna Splicing Via Transesterification Reactions","RNA Splicing"
"Biliary-AdenoCA",33,1,0.0303030303030303,0.0403809523809524,"MHCregulators","pos","Rna Splicing Via Transesterification Reactions","RNA Splicing"
"Breast-AdenoCA",198,6,0.0303030303030303,0.0403809523809524,"MHCregulators","pos","Rna Splicing Via Transesterification Reactions","RNA Splicing"
"Bone-Osteosarc",38,1,0.0263157894736842,0.0403809523809524,"MHCregulators","pos","Rna Splicing Via Transesterification Reactions","RNA Splicing"
"Panc-Endocrine",85,2,0.0235294117647059,0.0403809523809524,"MHCregulators","pos","Rna Splicing Via Transesterification Reactions","RNA Splicing"
"Kidney-ChRCC",45,1,0.0222222222222222,0.0403809523809524,"MHCregulators","pos","Rna Splicing Via Transesterification Reactions","RNA Splicing"
"Lymph-CLL",95,2,0.0210526315789474,0.0403809523809524,"MHCregulators","pos","Rna Splicing Via Transesterification Reactions","RNA Splicing"
"CNS-Medullo",146,3,0.0205479452054795,0.0403809523809524,"MHCregulators","pos","Rna Splicing Via Transesterification Reactions","RNA Splicing"
"Ovary-AdenoCA",112,1,0.00892857142857143,0.0403809523809524,"MHCregulators","pos","Rna Splicing Via Transesterification Reactions","RNA Splicing"
"Kidney-RCC",143,1,0.00699300699300699,0.0403809523809524,"MHCregulators","pos","Rna Splicing Via Transesterification Reactions","RNA Splicing"
"Bone-Benign",16,0,0,0.0403809523809524,"MHCregulators","pos","Rna Splicing Via Transesterification Reactions","RNA Splicing"
"Bone-Epith",10,0,0,0.0403809523809524,"MHCregulators","pos","Rna Splicing Via Transesterification Reactions","RNA Splicing"
"Breast-DCIS",3,0,0,0.0403809523809524,"MHCregulators","pos","Rna Splicing Via Transesterification Reactions","RNA Splicing"
"Cervix-AdenoCA",2,0,0,0.0403809523809524,"MHCregulators","pos","Rna Splicing Via Transesterification Reactions","RNA Splicing"
"CNS-GBM",41,0,0,0.0403809523809524,"MHCregulators","pos","Rna Splicing Via Transesterification Reactions","RNA Splicing"
"CNS-PiloAstro",89,0,0,0.0403809523809524,"MHCregulators","pos","Rna Splicing Via Transesterification Reactions","RNA Splicing"
"Myeloid-MDS",2,0,0,0.0403809523809524,"MHCregulators","pos","Rna Splicing Via Transesterification Reactions","RNA Splicing"
"Myeloid-MPN",23,0,0,0.0403809523809524,"MHCregulators","pos","Rna Splicing Via Transesterification Reactions","RNA Splicing"
"Prost-AdenoCA",210,0,0,0.0403809523809524,"MHCregulators","pos","Rna Splicing Via Transesterification Reactions","RNA Splicing"
"SoftTissue-Leiomyo",15,0,0,0.0403809523809524,"MHCregulators","pos","Rna Splicing Via Transesterification Reactions","RNA Splicing"
"SoftTissue-Liposarc",19,0,0,0.0403809523809524,"MHCregulators","pos","Rna Splicing Via Transesterification Reactions","RNA Splicing"
"Thy-AdenoCA",48,0,0,0.0403809523809524,"MHCregulators","pos","Rna Splicing Via Transesterification Reactions","RNA Splicing"
"ColoRect-AdenoCA",52,10,0.192307692307692,0.0247619047619048,"MHCregulators","pos","Antigen Presentation: Folding, Assembly And Peptide Loading Of Class I Mhc","Antigen Presentation via MHC-I"
"Lymph-BNHL",107,16,0.149532710280374,0.0247619047619048,"MHCregulators","pos","Antigen Presentation: Folding, Assembly And Peptide Loading Of Class I Mhc","Antigen Presentation via MHC-I"
"Lung-SCC",48,3,0.0625,0.0247619047619048,"MHCregulators","pos","Antigen Presentation: Folding, Assembly And Peptide Loading Of Class I Mhc","Antigen Presentation via MHC-I"
"CNS-GBM",41,2,0.048780487804878,0.0247619047619048,"MHCregulators","pos","Antigen Presentation: Folding, Assembly And Peptide Loading Of Class I Mhc","Antigen Presentation via MHC-I"
"Bladder-TCC",23,1,0.0434782608695652,0.0247619047619048,"MHCregulators","pos","Antigen Presentation: Folding, Assembly And Peptide Loading Of Class I Mhc","Antigen Presentation via MHC-I"
"Myeloid-MPN",23,1,0.0434782608695652,0.0247619047619048,"MHCregulators","pos","Antigen Presentation: Folding, Assembly And Peptide Loading Of Class I Mhc","Antigen Presentation via MHC-I"
"Stomach-AdenoCA",69,3,0.0434782608695652,0.0247619047619048,"MHCregulators","pos","Antigen Presentation: Folding, Assembly And Peptide Loading Of Class I Mhc","Antigen Presentation via MHC-I"
"Eso-AdenoCA",98,4,0.0408163265306122,0.0247619047619048,"MHCregulators","pos","Antigen Presentation: Folding, Assembly And Peptide Loading Of Class I Mhc","Antigen Presentation via MHC-I"
"Skin-Melanoma",106,4,0.0377358490566038,0.0247619047619048,"MHCregulators","pos","Antigen Presentation: Folding, Assembly And Peptide Loading Of Class I Mhc","Antigen Presentation via MHC-I"
"Lung-AdenoCA",38,1,0.0263157894736842,0.0247619047619048,"MHCregulators","pos","Antigen Presentation: Folding, Assembly And Peptide Loading Of Class I Mhc","Antigen Presentation via MHC-I"
"Uterus-AdenoCA",40,1,0.025,0.0247619047619048,"MHCregulators","pos","Antigen Presentation: Folding, Assembly And Peptide Loading Of Class I Mhc","Antigen Presentation via MHC-I"
"Panc-Endocrine",85,2,0.0235294117647059,0.0247619047619048,"MHCregulators","pos","Antigen Presentation: Folding, Assembly And Peptide Loading Of Class I Mhc","Antigen Presentation via MHC-I"
"Liver-HCC",315,6,0.019047619047619,0.0247619047619048,"MHCregulators","pos","Antigen Presentation: Folding, Assembly And Peptide Loading Of Class I Mhc","Antigen Presentation via MHC-I"
"Head-SCC",57,1,0.0175438596491228,0.0247619047619048,"MHCregulators","pos","Antigen Presentation: Folding, Assembly And Peptide Loading Of Class I Mhc","Antigen Presentation via MHC-I"
"Panc-AdenoCA",237,4,0.0168776371308017,0.0247619047619048,"MHCregulators","pos","Antigen Presentation: Folding, Assembly And Peptide Loading Of Class I Mhc","Antigen Presentation via MHC-I"
"Breast-AdenoCA",198,3,0.0151515151515152,0.0247619047619048,"MHCregulators","pos","Antigen Presentation: Folding, Assembly And Peptide Loading Of Class I Mhc","Antigen Presentation via MHC-I"
"Lymph-CLL",95,1,0.0105263157894737,0.0247619047619048,"MHCregulators","pos","Antigen Presentation: Folding, Assembly And Peptide Loading Of Class I Mhc","Antigen Presentation via MHC-I"
"Ovary-AdenoCA",112,1,0.00892857142857143,0.0247619047619048,"MHCregulators","pos","Antigen Presentation: Folding, Assembly And Peptide Loading Of Class I Mhc","Antigen Presentation via MHC-I"
"Kidney-RCC",143,1,0.00699300699300699,0.0247619047619048,"MHCregulators","pos","Antigen Presentation: Folding, Assembly And Peptide Loading Of Class I Mhc","Antigen Presentation via MHC-I"
"Biliary-AdenoCA",33,0,0,0.0247619047619048,"MHCregulators","pos","Antigen Presentation: Folding, Assembly And Peptide Loading Of Class I Mhc","Antigen Presentation via MHC-I"
"Bone-Benign",16,0,0,0.0247619047619048,"MHCregulators","pos","Antigen Presentation: Folding, Assembly And Peptide Loading Of Class I Mhc","Antigen Presentation via MHC-I"
"Bone-Epith",10,0,0,0.0247619047619048,"MHCregulators","pos","Antigen Presentation: Folding, Assembly And Peptide Loading Of Class I Mhc","Antigen Presentation via MHC-I"
"Bone-Osteosarc",38,0,0,0.0247619047619048,"MHCregulators","pos","Antigen Presentation: Folding, Assembly And Peptide Loading Of Class I Mhc","Antigen Presentation via MHC-I"
"Breast-DCIS",3,0,0,0.0247619047619048,"MHCregulators","pos","Antigen Presentation: Folding, Assembly And Peptide Loading Of Class I Mhc","Antigen Presentation via MHC-I"
"Breast-LobularCA",13,0,0,0.0247619047619048,"MHCregulators","pos","Antigen Presentation: Folding, Assembly And Peptide Loading Of Class I Mhc","Antigen Presentation via MHC-I"
"Cervix-AdenoCA",2,0,0,0.0247619047619048,"MHCregulators","pos","Antigen Presentation: Folding, Assembly And Peptide Loading Of Class I Mhc","Antigen Presentation via MHC-I"
"Cervix-SCC",18,0,0,0.0247619047619048,"MHCregulators","pos","Antigen Presentation: Folding, Assembly And Peptide Loading Of Class I Mhc","Antigen Presentation via MHC-I"
"CNS-Medullo",146,0,0,0.0247619047619048,"MHCregulators","pos","Antigen Presentation: Folding, Assembly And Peptide Loading Of Class I Mhc","Antigen Presentation via MHC-I"
"CNS-Oligo",18,0,0,0.0247619047619048,"MHCregulators","pos","Antigen Presentation: Folding, Assembly And Peptide Loading Of Class I Mhc","Antigen Presentation via MHC-I"
"CNS-PiloAstro",89,0,0,0.0247619047619048,"MHCregulators","pos","Antigen Presentation: Folding, Assembly And Peptide Loading Of Class I Mhc","Antigen Presentation via MHC-I"
"Kidney-ChRCC",45,0,0,0.0247619047619048,"MHCregulators","pos","Antigen Presentation: Folding, Assembly And Peptide Loading Of Class I Mhc","Antigen Presentation via MHC-I"
"Myeloid-AML",13,0,0,0.0247619047619048,"MHCregulators","pos","Antigen Presentation: Folding, Assembly And Peptide Loading Of Class I Mhc","Antigen Presentation via MHC-I"
"Myeloid-MDS",2,0,0,0.0247619047619048,"MHCregulators","pos","Antigen Presentation: Folding, Assembly And Peptide Loading Of Class I Mhc","Antigen Presentation via MHC-I"
"Prost-AdenoCA",210,0,0,0.0247619047619048,"MHCregulators","pos","Antigen Presentation: Folding, Assembly And Peptide Loading Of Class I Mhc","Antigen Presentation via MHC-I"
"SoftTissue-Leiomyo",15,0,0,0.0247619047619048,"MHCregulators","pos","Antigen Presentation: Folding, Assembly And Peptide Loading Of Class I Mhc","Antigen Presentation via MHC-I"
"SoftTissue-Liposarc",19,0,0,0.0247619047619048,"MHCregulators","pos","Antigen Presentation: Folding, Assembly And Peptide Loading Of Class I Mhc","Antigen Presentation via MHC-I"
"Thy-AdenoCA",48,0,0,0.0247619047619048,"MHCregulators","pos","Antigen Presentation: Folding, Assembly And Peptide Loading Of Class I Mhc","Antigen Presentation via MHC-I"
"ColoRect-AdenoCA",52,5,0.0961538461538462,0.016,"MHCregulators","pos","Ifna Pathway","IFNa Pathway"
"Head-SCC",57,4,0.0701754385964912,0.016,"MHCregulators","pos","Ifna Pathway","IFNa Pathway"
"Lung-AdenoCA",38,2,0.0526315789473684,0.016,"MHCregulators","pos","Ifna Pathway","IFNa Pathway"
"Bladder-TCC",23,1,0.0434782608695652,0.016,"MHCregulators","pos","Ifna Pathway","IFNa Pathway"
"Stomach-AdenoCA",69,3,0.0434782608695652,0.016,"MHCregulators","pos","Ifna Pathway","IFNa Pathway"
"Eso-AdenoCA",98,4,0.0408163265306122,0.016,"MHCregulators","pos","Ifna Pathway","IFNa Pathway"
"Skin-Melanoma",106,3,0.0283018867924528,0.016,"MHCregulators","pos","Ifna Pathway","IFNa Pathway"
"Bone-Osteosarc",38,1,0.0263157894736842,0.016,"MHCregulators","pos","Ifna Pathway","IFNa Pathway"
"Uterus-AdenoCA",40,1,0.025,0.016,"MHCregulators","pos","Ifna Pathway","IFNa Pathway"
"CNS-GBM",41,1,0.024390243902439,0.016,"MHCregulators","pos","Ifna Pathway","IFNa Pathway"
"Panc-AdenoCA",237,5,0.0210970464135021,0.016,"MHCregulators","pos","Ifna Pathway","IFNa Pathway"
"Thy-AdenoCA",48,1,0.0208333333333333,0.016,"MHCregulators","pos","Ifna Pathway","IFNa Pathway"
"Lymph-BNHL",107,2,0.0186915887850467,0.016,"MHCregulators","pos","Ifna Pathway","IFNa Pathway"
"Liver-HCC",315,4,0.0126984126984127,0.016,"MHCregulators","pos","Ifna Pathway","IFNa Pathway"
"Panc-Endocrine",85,1,0.0117647058823529,0.016,"MHCregulators","pos","Ifna Pathway","IFNa Pathway"
"Lymph-CLL",95,1,0.0105263157894737,0.016,"MHCregulators","pos","Ifna Pathway","IFNa Pathway"
"Ovary-AdenoCA",112,1,0.00892857142857143,0.016,"MHCregulators","pos","Ifna Pathway","IFNa Pathway"
"Kidney-RCC",143,1,0.00699300699300699,0.016,"MHCregulators","pos","Ifna Pathway","IFNa Pathway"
"Prost-AdenoCA",210,1,0.00476190476190476,0.016,"MHCregulators","pos","Ifna Pathway","IFNa Pathway"
"Biliary-AdenoCA",33,0,0,0.016,"MHCregulators","pos","Ifna Pathway","IFNa Pathway"
"Bone-Benign",16,0,0,0.016,"MHCregulators","pos","Ifna Pathway","IFNa Pathway"
"Bone-Epith",10,0,0,0.016,"MHCregulators","pos","Ifna Pathway","IFNa Pathway"
"Breast-AdenoCA",198,0,0,0.016,"MHCregulators","pos","Ifna Pathway","IFNa Pathway"
"Breast-DCIS",3,0,0,0.016,"MHCregulators","pos","Ifna Pathway","IFNa Pathway"
"Breast-LobularCA",13,0,0,0.016,"MHCregulators","pos","Ifna Pathway","IFNa Pathway"
"Cervix-AdenoCA",2,0,0,0.016,"MHCregulators","pos","Ifna Pathway","IFNa Pathway"
"Cervix-SCC",18,0,0,0.016,"MHCregulators","pos","Ifna Pathway","IFNa Pathway"
"CNS-Medullo",146,0,0,0.016,"MHCregulators","pos","Ifna Pathway","IFNa Pathway"
"CNS-Oligo",18,0,0,0.016,"MHCregulators","pos","Ifna Pathway","IFNa Pathway"
"CNS-PiloAstro",89,0,0,0.016,"MHCregulators","pos","Ifna Pathway","IFNa Pathway"
"Kidney-ChRCC",45,0,0,0.016,"MHCregulators","pos","Ifna Pathway","IFNa Pathway"
"Lung-SCC",48,0,0,0.016,"MHCregulators","pos","Ifna Pathway","IFNa Pathway"
"Myeloid-AML",13,0,0,0.016,"MHCregulators","pos","Ifna Pathway","IFNa Pathway"
"Myeloid-MDS",2,0,0,0.016,"MHCregulators","pos","Ifna Pathway","IFNa Pathway"
"Myeloid-MPN",23,0,0,0.016,"MHCregulators","pos","Ifna Pathway","IFNa Pathway"
"SoftTissue-Leiomyo",15,0,0,0.016,"MHCregulators","pos","Ifna Pathway","IFNa Pathway"
"SoftTissue-Liposarc",19,0,0,0.016,"MHCregulators","pos","Ifna Pathway","IFNa Pathway"
"ColoRect-AdenoCA",52,5,0.0961538461538462,0.0137142857142857,"MHCregulators","pos","N-Glycan Trimming In The Er And Calnexin_Calreticulin Cycle","N-Glycan Trimming In the ER and 
Calnexin"
"Skin-Melanoma",106,9,0.0849056603773585,0.0137142857142857,"MHCregulators","pos","N-Glycan Trimming In The Er And Calnexin_Calreticulin Cycle","N-Glycan Trimming In the ER and 
Calnexin"
"Lung-SCC",48,2,0.0416666666666667,0.0137142857142857,"MHCregulators","pos","N-Glycan Trimming In The Er And Calnexin_Calreticulin Cycle","N-Glycan Trimming In the ER and 
Calnexin"
"Biliary-AdenoCA",33,1,0.0303030303030303,0.0137142857142857,"MHCregulators","pos","N-Glycan Trimming In The Er And Calnexin_Calreticulin Cycle","N-Glycan Trimming In the ER and 
Calnexin"
"Stomach-AdenoCA",69,2,0.0289855072463768,0.0137142857142857,"MHCregulators","pos","N-Glycan Trimming In The Er And Calnexin_Calreticulin Cycle","N-Glycan Trimming In the ER and 
Calnexin"
"Bone-Osteosarc",38,1,0.0263157894736842,0.0137142857142857,"MHCregulators","pos","N-Glycan Trimming In The Er And Calnexin_Calreticulin Cycle","N-Glycan Trimming In the ER and 
Calnexin"
"Breast-AdenoCA",198,5,0.0252525252525253,0.0137142857142857,"MHCregulators","pos","N-Glycan Trimming In The Er And Calnexin_Calreticulin Cycle","N-Glycan Trimming In the ER and 
Calnexin"
"Uterus-AdenoCA",40,1,0.025,0.0137142857142857,"MHCregulators","pos","N-Glycan Trimming In The Er And Calnexin_Calreticulin Cycle","N-Glycan Trimming In the ER and 
Calnexin"
"Lymph-BNHL",107,2,0.0186915887850467,0.0137142857142857,"MHCregulators","pos","N-Glycan Trimming In The Er And Calnexin_Calreticulin Cycle","N-Glycan Trimming In the ER and 
Calnexin"
"Head-SCC",57,1,0.0175438596491228,0.0137142857142857,"MHCregulators","pos","N-Glycan Trimming In The Er And Calnexin_Calreticulin Cycle","N-Glycan Trimming In the ER and 
Calnexin"
"Panc-AdenoCA",237,4,0.0168776371308017,0.0137142857142857,"MHCregulators","pos","N-Glycan Trimming In The Er And Calnexin_Calreticulin Cycle","N-Glycan Trimming In the ER and 
Calnexin"
"Kidney-RCC",143,1,0.00699300699300699,0.0137142857142857,"MHCregulators","pos","N-Glycan Trimming In The Er And Calnexin_Calreticulin Cycle","N-Glycan Trimming In the ER and 
Calnexin"
"Liver-HCC",315,2,0.00634920634920635,0.0137142857142857,"MHCregulators","pos","N-Glycan Trimming In The Er And Calnexin_Calreticulin Cycle","N-Glycan Trimming In the ER and 
Calnexin"
"Bladder-TCC",23,0,0,0.0137142857142857,"MHCregulators","pos","N-Glycan Trimming In The Er And Calnexin_Calreticulin Cycle","N-Glycan Trimming In the ER and 
Calnexin"
"Bone-Benign",16,0,0,0.0137142857142857,"MHCregulators","pos","N-Glycan Trimming In The Er And Calnexin_Calreticulin Cycle","N-Glycan Trimming In the ER and 
Calnexin"
"Bone-Epith",10,0,0,0.0137142857142857,"MHCregulators","pos","N-Glycan Trimming In The Er And Calnexin_Calreticulin Cycle","N-Glycan Trimming In the ER and 
Calnexin"
"Breast-DCIS",3,0,0,0.0137142857142857,"MHCregulators","pos","N-Glycan Trimming In The Er And Calnexin_Calreticulin Cycle","N-Glycan Trimming In the ER and 
Calnexin"
"Breast-LobularCA",13,0,0,0.0137142857142857,"MHCregulators","pos","N-Glycan Trimming In The Er And Calnexin_Calreticulin Cycle","N-Glycan Trimming In the ER and 
Calnexin"
"Cervix-AdenoCA",2,0,0,0.0137142857142857,"MHCregulators","pos","N-Glycan Trimming In The Er And Calnexin_Calreticulin Cycle","N-Glycan Trimming In the ER and 
Calnexin"
"Cervix-SCC",18,0,0,0.0137142857142857,"MHCregulators","pos","N-Glycan Trimming In The Er And Calnexin_Calreticulin Cycle","N-Glycan Trimming In the ER and 
Calnexin"
"CNS-GBM",41,0,0,0.0137142857142857,"MHCregulators","pos","N-Glycan Trimming In The Er And Calnexin_Calreticulin Cycle","N-Glycan Trimming In the ER and 
Calnexin"
"CNS-Medullo",146,0,0,0.0137142857142857,"MHCregulators","pos","N-Glycan Trimming In The Er And Calnexin_Calreticulin Cycle","N-Glycan Trimming In the ER and 
Calnexin"
"CNS-Oligo",18,0,0,0.0137142857142857,"MHCregulators","pos","N-Glycan Trimming In The Er And Calnexin_Calreticulin Cycle","N-Glycan Trimming In the ER and 
Calnexin"
"CNS-PiloAstro",89,0,0,0.0137142857142857,"MHCregulators","pos","N-Glycan Trimming In The Er And Calnexin_Calreticulin Cycle","N-Glycan Trimming In the ER and 
Calnexin"
"Eso-AdenoCA",98,0,0,0.0137142857142857,"MHCregulators","pos","N-Glycan Trimming In The Er And Calnexin_Calreticulin Cycle","N-Glycan Trimming In the ER and 
Calnexin"
"Kidney-ChRCC",45,0,0,0.0137142857142857,"MHCregulators","pos","N-Glycan Trimming In The Er And Calnexin_Calreticulin Cycle","N-Glycan Trimming In the ER and 
Calnexin"
"Lung-AdenoCA",38,0,0,0.0137142857142857,"MHCregulators","pos","N-Glycan Trimming In The Er And Calnexin_Calreticulin Cycle","N-Glycan Trimming In the ER and 
Calnexin"
"Lymph-CLL",95,0,0,0.0137142857142857,"MHCregulators","pos","N-Glycan Trimming In The Er And Calnexin_Calreticulin Cycle","N-Glycan Trimming In the ER and 
Calnexin"
"Myeloid-AML",13,0,0,0.0137142857142857,"MHCregulators","pos","N-Glycan Trimming In The Er And Calnexin_Calreticulin Cycle","N-Glycan Trimming In the ER and 
Calnexin"
"Myeloid-MDS",2,0,0,0.0137142857142857,"MHCregulators","pos","N-Glycan Trimming In The Er And Calnexin_Calreticulin Cycle","N-Glycan Trimming In the ER and 
Calnexin"
"Myeloid-MPN",23,0,0,0.0137142857142857,"MHCregulators","pos","N-Glycan Trimming In The Er And Calnexin_Calreticulin Cycle","N-Glycan Trimming In the ER and 
Calnexin"
"Ovary-AdenoCA",112,0,0,0.0137142857142857,"MHCregulators","pos","N-Glycan Trimming In The Er And Calnexin_Calreticulin Cycle","N-Glycan Trimming In the ER and 
Calnexin"
"Panc-Endocrine",85,0,0,0.0137142857142857,"MHCregulators","pos","N-Glycan Trimming In The Er And Calnexin_Calreticulin Cycle","N-Glycan Trimming In the ER and 
Calnexin"
"Prost-AdenoCA",210,0,0,0.0137142857142857,"MHCregulators","pos","N-Glycan Trimming In The Er And Calnexin_Calreticulin Cycle","N-Glycan Trimming In the ER and 
Calnexin"
"SoftTissue-Leiomyo",15,0,0,0.0137142857142857,"MHCregulators","pos","N-Glycan Trimming In The Er And Calnexin_Calreticulin Cycle","N-Glycan Trimming In the ER and 
Calnexin"
"SoftTissue-Liposarc",19,0,0,0.0137142857142857,"MHCregulators","pos","N-Glycan Trimming In The Er And Calnexin_Calreticulin Cycle","N-Glycan Trimming In the ER and 
Calnexin"
"Thy-AdenoCA",48,0,0,0.0137142857142857,"MHCregulators","pos","N-Glycan Trimming In The Er And Calnexin_Calreticulin Cycle","N-Glycan Trimming In the ER and 
Calnexin"
"ColoRect-AdenoCA",52,6,0.115384615384615,0.0217142857142857,"NKcells","neg","Interferon Gamma Signaling","IFNg Signaling"
"Bladder-TCC",23,2,0.0869565217391304,0.0217142857142857,"NKcells","neg","Interferon Gamma Signaling","IFNg Signaling"
"Stomach-AdenoCA",69,6,0.0869565217391304,0.0217142857142857,"NKcells","neg","Interferon Gamma Signaling","IFNg Signaling"
"Skin-Melanoma",106,8,0.0754716981132075,0.0217142857142857,"NKcells","neg","Interferon Gamma Signaling","IFNg Signaling"
"Lung-SCC",48,3,0.0625,0.0217142857142857,"NKcells","neg","Interferon Gamma Signaling","IFNg Signaling"
"Kidney-RCC",143,7,0.048951048951049,0.0217142857142857,"NKcells","neg","Interferon Gamma Signaling","IFNg Signaling"
"Myeloid-MPN",23,1,0.0434782608695652,0.0217142857142857,"NKcells","neg","Interferon Gamma Signaling","IFNg Signaling"
"Lymph-BNHL",107,4,0.0373831775700935,0.0217142857142857,"NKcells","neg","Interferon Gamma Signaling","IFNg Signaling"
"Head-SCC",57,2,0.0350877192982456,0.0217142857142857,"NKcells","neg","Interferon Gamma Signaling","IFNg Signaling"
"Liver-HCC",315,8,0.0253968253968254,0.0217142857142857,"NKcells","neg","Interferon Gamma Signaling","IFNg Signaling"
"Breast-AdenoCA",198,3,0.0151515151515152,0.0217142857142857,"NKcells","neg","Interferon Gamma Signaling","IFNg Signaling"
"Panc-AdenoCA",237,3,0.0126582278481013,0.0217142857142857,"NKcells","neg","Interferon Gamma Signaling","IFNg Signaling"
"Lymph-CLL",95,1,0.0105263157894737,0.0217142857142857,"NKcells","neg","Interferon Gamma Signaling","IFNg Signaling"
"Eso-AdenoCA",98,1,0.0102040816326531,0.0217142857142857,"NKcells","neg","Interferon Gamma Signaling","IFNg Signaling"
"CNS-Medullo",146,1,0.00684931506849315,0.0217142857142857,"NKcells","neg","Interferon Gamma Signaling","IFNg Signaling"
"Prost-AdenoCA",210,1,0.00476190476190476,0.0217142857142857,"NKcells","neg","Interferon Gamma Signaling","IFNg Signaling"
"Biliary-AdenoCA",33,0,0,0.0217142857142857,"NKcells","neg","Interferon Gamma Signaling","IFNg Signaling"
"Bone-Benign",16,0,0,0.0217142857142857,"NKcells","neg","Interferon Gamma Signaling","IFNg Signaling"
"Bone-Epith",10,0,0,0.0217142857142857,"NKcells","neg","Interferon Gamma Signaling","IFNg Signaling"
"Bone-Osteosarc",38,0,0,0.0217142857142857,"NKcells","neg","Interferon Gamma Signaling","IFNg Signaling"
"Breast-DCIS",3,0,0,0.0217142857142857,"NKcells","neg","Interferon Gamma Signaling","IFNg Signaling"
"Breast-LobularCA",13,0,0,0.0217142857142857,"NKcells","neg","Interferon Gamma Signaling","IFNg Signaling"
"Cervix-AdenoCA",2,0,0,0.0217142857142857,"NKcells","neg","Interferon Gamma Signaling","IFNg Signaling"
"Cervix-SCC",18,0,0,0.0217142857142857,"NKcells","neg","Interferon Gamma Signaling","IFNg Signaling"
"CNS-GBM",41,0,0,0.0217142857142857,"NKcells","neg","Interferon Gamma Signaling","IFNg Signaling"
"CNS-Oligo",18,0,0,0.0217142857142857,"NKcells","neg","Interferon Gamma Signaling","IFNg Signaling"
"CNS-PiloAstro",89,0,0,0.0217142857142857,"NKcells","neg","Interferon Gamma Signaling","IFNg Signaling"
"Kidney-ChRCC",45,0,0,0.0217142857142857,"NKcells","neg","Interferon Gamma Signaling","IFNg Signaling"
"Lung-AdenoCA",38,0,0,0.0217142857142857,"NKcells","neg","Interferon Gamma Signaling","IFNg Signaling"
"Myeloid-AML",13,0,0,0.0217142857142857,"NKcells","neg","Interferon Gamma Signaling","IFNg Signaling"
"Myeloid-MDS",2,0,0,0.0217142857142857,"NKcells","neg","Interferon Gamma Signaling","IFNg Signaling"
"Ovary-AdenoCA",112,0,0,0.0217142857142857,"NKcells","neg","Interferon Gamma Signaling","IFNg Signaling"
"Panc-Endocrine",85,0,0,0.0217142857142857,"NKcells","neg","Interferon Gamma Signaling","IFNg Signaling"
"SoftTissue-Leiomyo",15,0,0,0.0217142857142857,"NKcells","neg","Interferon Gamma Signaling","IFNg Signaling"
"SoftTissue-Liposarc",19,0,0,0.0217142857142857,"NKcells","neg","Interferon Gamma Signaling","IFNg Signaling"
"Thy-AdenoCA",48,0,0,0.0217142857142857,"NKcells","neg","Interferon Gamma Signaling","IFNg Signaling"
"Uterus-AdenoCA",40,0,0,0.0217142857142857,"NKcells","neg","Interferon Gamma Signaling","IFNg Signaling"
"ColoRect-AdenoCA",52,5,0.0961538461538462,0.0121904761904762,"NKcells","neg","Antigen Processing And Presentation Of Endogenous Peptide Antigen","Antigen Processing and Presentation"
"CNS-GBM",41,2,0.048780487804878,0.0121904761904762,"NKcells","neg","Antigen Processing And Presentation Of Endogenous Peptide Antigen","Antigen Processing and Presentation"
"Lung-SCC",48,2,0.0416666666666667,0.0121904761904762,"NKcells","neg","Antigen Processing And Presentation Of Endogenous Peptide Antigen","Antigen Processing and Presentation"
"Skin-Melanoma",106,3,0.0283018867924528,0.0121904761904762,"NKcells","neg","Antigen Processing And Presentation Of Endogenous Peptide Antigen","Antigen Processing and Presentation"
"Lymph-BNHL",107,3,0.0280373831775701,0.0121904761904762,"NKcells","neg","Antigen Processing And Presentation Of Endogenous Peptide Antigen","Antigen Processing and Presentation"
"Lung-AdenoCA",38,1,0.0263157894736842,0.0121904761904762,"NKcells","neg","Antigen Processing And Presentation Of Endogenous Peptide Antigen","Antigen Processing and Presentation"
"Liver-HCC",315,8,0.0253968253968254,0.0121904761904762,"NKcells","neg","Antigen Processing And Presentation Of Endogenous Peptide Antigen","Antigen Processing and Presentation"
"Head-SCC",57,1,0.0175438596491228,0.0121904761904762,"NKcells","neg","Antigen Processing And Presentation Of Endogenous Peptide Antigen","Antigen Processing and Presentation"
"Panc-Endocrine",85,1,0.0117647058823529,0.0121904761904762,"NKcells","neg","Antigen Processing And Presentation Of Endogenous Peptide Antigen","Antigen Processing and Presentation"
"Lymph-CLL",95,1,0.0105263157894737,0.0121904761904762,"NKcells","neg","Antigen Processing And Presentation Of Endogenous Peptide Antigen","Antigen Processing and Presentation"
"Eso-AdenoCA",98,1,0.0102040816326531,0.0121904761904762,"NKcells","neg","Antigen Processing And Presentation Of Endogenous Peptide Antigen","Antigen Processing and Presentation"
"Ovary-AdenoCA",112,1,0.00892857142857143,0.0121904761904762,"NKcells","neg","Antigen Processing And Presentation Of Endogenous Peptide Antigen","Antigen Processing and Presentation"
"Panc-AdenoCA",237,2,0.00843881856540084,0.0121904761904762,"NKcells","neg","Antigen Processing And Presentation Of Endogenous Peptide Antigen","Antigen Processing and Presentation"
"Breast-AdenoCA",198,1,0.00505050505050505,0.0121904761904762,"NKcells","neg","Antigen Processing And Presentation Of Endogenous Peptide Antigen","Antigen Processing and Presentation"
"Biliary-AdenoCA",33,0,0,0.0121904761904762,"NKcells","neg","Antigen Processing And Presentation Of Endogenous Peptide Antigen","Antigen Processing and Presentation"
"Bladder-TCC",23,0,0,0.0121904761904762,"NKcells","neg","Antigen Processing And Presentation Of Endogenous Peptide Antigen","Antigen Processing and Presentation"
"Bone-Benign",16,0,0,0.0121904761904762,"NKcells","neg","Antigen Processing And Presentation Of Endogenous Peptide Antigen","Antigen Processing and Presentation"
"Bone-Epith",10,0,0,0.0121904761904762,"NKcells","neg","Antigen Processing And Presentation Of Endogenous Peptide Antigen","Antigen Processing and Presentation"
"Bone-Osteosarc",38,0,0,0.0121904761904762,"NKcells","neg","Antigen Processing And Presentation Of Endogenous Peptide Antigen","Antigen Processing and Presentation"
"Breast-DCIS",3,0,0,0.0121904761904762,"NKcells","neg","Antigen Processing And Presentation Of Endogenous Peptide Antigen","Antigen Processing and Presentation"
"Breast-LobularCA",13,0,0,0.0121904761904762,"NKcells","neg","Antigen Processing And Presentation Of Endogenous Peptide Antigen","Antigen Processing and Presentation"
"Cervix-AdenoCA",2,0,0,0.0121904761904762,"NKcells","neg","Antigen Processing And Presentation Of Endogenous Peptide Antigen","Antigen Processing and Presentation"
"Cervix-SCC",18,0,0,0.0121904761904762,"NKcells","neg","Antigen Processing And Presentation Of Endogenous Peptide Antigen","Antigen Processing and Presentation"
"CNS-Medullo",146,0,0,0.0121904761904762,"NKcells","neg","Antigen Processing And Presentation Of Endogenous Peptide Antigen","Antigen Processing and Presentation"
"CNS-Oligo",18,0,0,0.0121904761904762,"NKcells","neg","Antigen Processing And Presentation Of Endogenous Peptide Antigen","Antigen Processing and Presentation"
"CNS-PiloAstro",89,0,0,0.0121904761904762,"NKcells","neg","Antigen Processing And Presentation Of Endogenous Peptide Antigen","Antigen Processing and Presentation"
"Kidney-ChRCC",45,0,0,0.0121904761904762,"NKcells","neg","Antigen Processing And Presentation Of Endogenous Peptide Antigen","Antigen Processing and Presentation"
"Kidney-RCC",143,0,0,0.0121904761904762,"NKcells","neg","Antigen Processing And Presentation Of Endogenous Peptide Antigen","Antigen Processing and Presentation"
"Myeloid-AML",13,0,0,0.0121904761904762,"NKcells","neg","Antigen Processing And Presentation Of Endogenous Peptide Antigen","Antigen Processing and Presentation"
"Myeloid-MDS",2,0,0,0.0121904761904762,"NKcells","neg","Antigen Processing And Presentation Of Endogenous Peptide Antigen","Antigen Processing and Presentation"
"Myeloid-MPN",23,0,0,0.0121904761904762,"NKcells","neg","Antigen Processing And Presentation Of Endogenous Peptide Antigen","Antigen Processing and Presentation"
"Prost-AdenoCA",210,0,0,0.0121904761904762,"NKcells","neg","Antigen Processing And Presentation Of Endogenous Peptide Antigen","Antigen Processing and Presentation"
"SoftTissue-Leiomyo",15,0,0,0.0121904761904762,"NKcells","neg","Antigen Processing And Presentation Of Endogenous Peptide Antigen","Antigen Processing and Presentation"
"SoftTissue-Liposarc",19,0,0,0.0121904761904762,"NKcells","neg","Antigen Processing And Presentation Of Endogenous Peptide Antigen","Antigen Processing and Presentation"
"Stomach-AdenoCA",69,0,0,0.0121904761904762,"NKcells","neg","Antigen Processing And Presentation Of Endogenous Peptide Antigen","Antigen Processing and Presentation"
"Thy-AdenoCA",48,0,0,0.0121904761904762,"NKcells","neg","Antigen Processing And Presentation Of Endogenous Peptide Antigen","Antigen Processing and Presentation"
"Uterus-AdenoCA",40,0,0,0.0121904761904762,"NKcells","neg","Antigen Processing And Presentation Of Endogenous Peptide Antigen","Antigen Processing and Presentation"
"ColoRect-AdenoCA",52,9,0.173076923076923,0.0396190476190476,"NKcells","pos","Signal Transduction By P53 Class Mediator","Signal Transduction by P53 Class Mediator"
"SoftTissue-Leiomyo",15,2,0.133333333333333,0.0396190476190476,"NKcells","pos","Signal Transduction By P53 Class Mediator","Signal Transduction by P53 Class Mediator"
"Skin-Melanoma",106,14,0.132075471698113,0.0396190476190476,"NKcells","pos","Signal Transduction By P53 Class Mediator","Signal Transduction by P53 Class Mediator"
"Bladder-TCC",23,3,0.130434782608696,0.0396190476190476,"NKcells","pos","Signal Transduction By P53 Class Mediator","Signal Transduction by P53 Class Mediator"
"Lung-SCC",48,6,0.125,0.0396190476190476,"NKcells","pos","Signal Transduction By P53 Class Mediator","Signal Transduction by P53 Class Mediator"
"Head-SCC",57,4,0.0701754385964912,0.0396190476190476,"NKcells","pos","Signal Transduction By P53 Class Mediator","Signal Transduction by P53 Class Mediator"
"Breast-AdenoCA",198,11,0.0555555555555556,0.0396190476190476,"NKcells","pos","Signal Transduction By P53 Class Mediator","Signal Transduction by P53 Class Mediator"
"Liver-HCC",315,17,0.053968253968254,0.0396190476190476,"NKcells","pos","Signal Transduction By P53 Class Mediator","Signal Transduction by P53 Class Mediator"
"Ovary-AdenoCA",112,6,0.0535714285714286,0.0396190476190476,"NKcells","pos","Signal Transduction By P53 Class Mediator","Signal Transduction by P53 Class Mediator"
"SoftTissue-Liposarc",19,1,0.0526315789473684,0.0396190476190476,"NKcells","pos","Signal Transduction By P53 Class Mediator","Signal Transduction by P53 Class Mediator"
"Eso-AdenoCA",98,5,0.0510204081632653,0.0396190476190476,"NKcells","pos","Signal Transduction By P53 Class Mediator","Signal Transduction by P53 Class Mediator"
"Uterus-AdenoCA",40,2,0.05,0.0396190476190476,"NKcells","pos","Signal Transduction By P53 Class Mediator","Signal Transduction by P53 Class Mediator"
"Lymph-BNHL",107,4,0.0373831775700935,0.0396190476190476,"NKcells","pos","Signal Transduction By P53 Class Mediator","Signal Transduction by P53 Class Mediator"
"Panc-AdenoCA",237,7,0.029535864978903,0.0396190476190476,"NKcells","pos","Signal Transduction By P53 Class Mediator","Signal Transduction by P53 Class Mediator"
"Kidney-RCC",143,4,0.027972027972028,0.0396190476190476,"NKcells","pos","Signal Transduction By P53 Class Mediator","Signal Transduction by P53 Class Mediator"
"Lung-AdenoCA",38,1,0.0263157894736842,0.0396190476190476,"NKcells","pos","Signal Transduction By P53 Class Mediator","Signal Transduction by P53 Class Mediator"
"CNS-GBM",41,1,0.024390243902439,0.0396190476190476,"NKcells","pos","Signal Transduction By P53 Class Mediator","Signal Transduction by P53 Class Mediator"
"Panc-Endocrine",85,2,0.0235294117647059,0.0396190476190476,"NKcells","pos","Signal Transduction By P53 Class Mediator","Signal Transduction by P53 Class Mediator"
"Stomach-AdenoCA",69,1,0.0144927536231884,0.0396190476190476,"NKcells","pos","Signal Transduction By P53 Class Mediator","Signal Transduction by P53 Class Mediator"
"CNS-Medullo",146,2,0.0136986301369863,0.0396190476190476,"NKcells","pos","Signal Transduction By P53 Class Mediator","Signal Transduction by P53 Class Mediator"
"Lymph-CLL",95,1,0.0105263157894737,0.0396190476190476,"NKcells","pos","Signal Transduction By P53 Class Mediator","Signal Transduction by P53 Class Mediator"
"Prost-AdenoCA",210,1,0.00476190476190476,0.0396190476190476,"NKcells","pos","Signal Transduction By P53 Class Mediator","Signal Transduction by P53 Class Mediator"
"Biliary-AdenoCA",33,0,0,0.0396190476190476,"NKcells","pos","Signal Transduction By P53 Class Mediator","Signal Transduction by P53 Class Mediator"
"Bone-Benign",16,0,0,0.0396190476190476,"NKcells","pos","Signal Transduction By P53 Class Mediator","Signal Transduction by P53 Class Mediator"
"Bone-Epith",10,0,0,0.0396190476190476,"NKcells","pos","Signal Transduction By P53 Class Mediator","Signal Transduction by P53 Class Mediator"
"Bone-Osteosarc",38,0,0,0.0396190476190476,"NKcells","pos","Signal Transduction By P53 Class Mediator","Signal Transduction by P53 Class Mediator"
"Breast-DCIS",3,0,0,0.0396190476190476,"NKcells","pos","Signal Transduction By P53 Class Mediator","Signal Transduction by P53 Class Mediator"
"Breast-LobularCA",13,0,0,0.0396190476190476,"NKcells","pos","Signal Transduction By P53 Class Mediator","Signal Transduction by P53 Class Mediator"
"Cervix-AdenoCA",2,0,0,0.0396190476190476,"NKcells","pos","Signal Transduction By P53 Class Mediator","Signal Transduction by P53 Class Mediator"
"Cervix-SCC",18,0,0,0.0396190476190476,"NKcells","pos","Signal Transduction By P53 Class Mediator","Signal Transduction by P53 Class Mediator"
"CNS-Oligo",18,0,0,0.0396190476190476,"NKcells","pos","Signal Transduction By P53 Class Mediator","Signal Transduction by P53 Class Mediator"
"CNS-PiloAstro",89,0,0,0.0396190476190476,"NKcells","pos","Signal Transduction By P53 Class Mediator","Signal Transduction by P53 Class Mediator"
"Kidney-ChRCC",45,0,0,0.0396190476190476,"NKcells","pos","Signal Transduction By P53 Class Mediator","Signal Transduction by P53 Class Mediator"
"Myeloid-AML",13,0,0,0.0396190476190476,"NKcells","pos","Signal Transduction By P53 Class Mediator","Signal Transduction by P53 Class Mediator"
"Myeloid-MDS",2,0,0,0.0396190476190476,"NKcells","pos","Signal Transduction By P53 Class Mediator","Signal Transduction by P53 Class Mediator"
"Myeloid-MPN",23,0,0,0.0396190476190476,"NKcells","pos","Signal Transduction By P53 Class Mediator","Signal Transduction by P53 Class Mediator"
"Thy-AdenoCA",48,0,0,0.0396190476190476,"NKcells","pos","Signal Transduction By P53 Class Mediator","Signal Transduction by P53 Class Mediator"
"Lung-AdenoCA",38,4,0.105263157894737,0.0167619047619048,"NKcells","pos","Telomerase Pathway","Telomerase Pathway"
"Skin-Melanoma",106,10,0.0943396226415094,0.0167619047619048,"NKcells","pos","Telomerase Pathway","Telomerase Pathway"
"ColoRect-AdenoCA",52,3,0.0576923076923077,0.0167619047619048,"NKcells","pos","Telomerase Pathway","Telomerase Pathway"
"Cervix-SCC",18,1,0.0555555555555556,0.0167619047619048,"NKcells","pos","Telomerase Pathway","Telomerase Pathway"
"Bladder-TCC",23,1,0.0434782608695652,0.0167619047619048,"NKcells","pos","Telomerase Pathway","Telomerase Pathway"
"Lung-SCC",48,2,0.0416666666666667,0.0167619047619048,"NKcells","pos","Telomerase Pathway","Telomerase Pathway"
"Head-SCC",57,2,0.0350877192982456,0.0167619047619048,"NKcells","pos","Telomerase Pathway","Telomerase Pathway"
"Lymph-CLL",95,3,0.0315789473684211,0.0167619047619048,"NKcells","pos","Telomerase Pathway","Telomerase Pathway"
"Breast-AdenoCA",198,5,0.0252525252525253,0.0167619047619048,"NKcells","pos","Telomerase Pathway","Telomerase Pathway"
"Uterus-AdenoCA",40,1,0.025,0.0167619047619048,"NKcells","pos","Telomerase Pathway","Telomerase Pathway"
"Lymph-BNHL",107,2,0.0186915887850467,0.0167619047619048,"NKcells","pos","Telomerase Pathway","Telomerase Pathway"
"Stomach-AdenoCA",69,1,0.0144927536231884,0.0167619047619048,"NKcells","pos","Telomerase Pathway","Telomerase Pathway"
"Kidney-RCC",143,2,0.013986013986014,0.0167619047619048,"NKcells","pos","Telomerase Pathway","Telomerase Pathway"
"Panc-AdenoCA",237,3,0.0126582278481013,0.0167619047619048,"NKcells","pos","Telomerase Pathway","Telomerase Pathway"
"Liver-HCC",315,3,0.00952380952380952,0.0167619047619048,"NKcells","pos","Telomerase Pathway","Telomerase Pathway"
"Prost-AdenoCA",210,1,0.00476190476190476,0.0167619047619048,"NKcells","pos","Telomerase Pathway","Telomerase Pathway"
"Biliary-AdenoCA",33,0,0,0.0167619047619048,"NKcells","pos","Telomerase Pathway","Telomerase Pathway"
"Bone-Benign",16,0,0,0.0167619047619048,"NKcells","pos","Telomerase Pathway","Telomerase Pathway"
"Bone-Epith",10,0,0,0.0167619047619048,"NKcells","pos","Telomerase Pathway","Telomerase Pathway"
"Bone-Osteosarc",38,0,0,0.0167619047619048,"NKcells","pos","Telomerase Pathway","Telomerase Pathway"
"Breast-DCIS",3,0,0,0.0167619047619048,"NKcells","pos","Telomerase Pathway","Telomerase Pathway"
"Breast-LobularCA",13,0,0,0.0167619047619048,"NKcells","pos","Telomerase Pathway","Telomerase Pathway"
"Cervix-AdenoCA",2,0,0,0.0167619047619048,"NKcells","pos","Telomerase Pathway","Telomerase Pathway"
"CNS-GBM",41,0,0,0.0167619047619048,"NKcells","pos","Telomerase Pathway","Telomerase Pathway"
"CNS-Medullo",146,0,0,0.0167619047619048,"NKcells","pos","Telomerase Pathway","Telomerase Pathway"
"CNS-Oligo",18,0,0,0.0167619047619048,"NKcells","pos","Telomerase Pathway","Telomerase Pathway"
"CNS-PiloAstro",89,0,0,0.0167619047619048,"NKcells","pos","Telomerase Pathway","Telomerase Pathway"
"Eso-AdenoCA",98,0,0,0.0167619047619048,"NKcells","pos","Telomerase Pathway","Telomerase Pathway"
"Kidney-ChRCC",45,0,0,0.0167619047619048,"NKcells","pos","Telomerase Pathway","Telomerase Pathway"
"Myeloid-AML",13,0,0,0.0167619047619048,"NKcells","pos","Telomerase Pathway","Telomerase Pathway"
"Myeloid-MDS",2,0,0,0.0167619047619048,"NKcells","pos","Telomerase Pathway","Telomerase Pathway"
"Myeloid-MPN",23,0,0,0.0167619047619048,"NKcells","pos","Telomerase Pathway","Telomerase Pathway"
"Ovary-AdenoCA",112,0,0,0.0167619047619048,"NKcells","pos","Telomerase Pathway","Telomerase Pathway"
"Panc-Endocrine",85,0,0,0.0167619047619048,"NKcells","pos","Telomerase Pathway","Telomerase Pathway"
"SoftTissue-Leiomyo",15,0,0,0.0167619047619048,"NKcells","pos","Telomerase Pathway","Telomerase Pathway"
"SoftTissue-Liposarc",19,0,0,0.0167619047619048,"NKcells","pos","Telomerase Pathway","Telomerase Pathway"
"Thy-AdenoCA",48,0,0,0.0167619047619048,"NKcells","pos","Telomerase Pathway","Telomerase Pathway"
"Lymph-BNHL",107,59,0.551401869158878,0.148571428571429,"Tcells","neg","Regulation Of Apoptotic Signaling Pathway","Apoptotic Signaling Pathway"
"Lung-SCC",48,19,0.395833333333333,0.148571428571429,"Tcells","neg","Regulation Of Apoptotic Signaling Pathway","Apoptotic Signaling Pathway"
"Bladder-TCC",23,9,0.391304347826087,0.148571428571429,"Tcells","neg","Regulation Of Apoptotic Signaling Pathway","Apoptotic Signaling Pathway"
"Skin-Melanoma",106,41,0.386792452830189,0.148571428571429,"Tcells","neg","Regulation Of Apoptotic Signaling Pathway","Apoptotic Signaling Pathway"
"SoftTissue-Leiomyo",15,4,0.266666666666667,0.148571428571429,"Tcells","neg","Regulation Of Apoptotic Signaling Pathway","Apoptotic Signaling Pathway"
"ColoRect-AdenoCA",52,13,0.25,0.148571428571429,"Tcells","neg","Regulation Of Apoptotic Signaling Pathway","Apoptotic Signaling Pathway"
"Lung-AdenoCA",38,9,0.236842105263158,0.148571428571429,"Tcells","neg","Regulation Of Apoptotic Signaling Pathway","Apoptotic Signaling Pathway"
"Head-SCC",57,12,0.210526315789474,0.148571428571429,"Tcells","neg","Regulation Of Apoptotic Signaling Pathway","Apoptotic Signaling Pathway"
"Eso-AdenoCA",98,18,0.183673469387755,0.148571428571429,"Tcells","neg","Regulation Of Apoptotic Signaling Pathway","Apoptotic Signaling Pathway"
"Uterus-AdenoCA",40,7,0.175,0.148571428571429,"Tcells","neg","Regulation Of Apoptotic Signaling Pathway","Apoptotic Signaling Pathway"
"Liver-HCC",315,55,0.174603174603175,0.148571428571429,"Tcells","neg","Regulation Of Apoptotic Signaling Pathway","Apoptotic Signaling Pathway"
"Breast-AdenoCA",198,34,0.171717171717172,0.148571428571429,"Tcells","neg","Regulation Of Apoptotic Signaling Pathway","Apoptotic Signaling Pathway"
"Stomach-AdenoCA",69,11,0.159420289855072,0.148571428571429,"Tcells","neg","Regulation Of Apoptotic Signaling Pathway","Apoptotic Signaling Pathway"
"Breast-LobularCA",13,2,0.153846153846154,0.148571428571429,"Tcells","neg","Regulation Of Apoptotic Signaling Pathway","Apoptotic Signaling Pathway"
"CNS-GBM",41,6,0.146341463414634,0.148571428571429,"Tcells","neg","Regulation Of Apoptotic Signaling Pathway","Apoptotic Signaling Pathway"
"Ovary-AdenoCA",112,16,0.142857142857143,0.148571428571429,"Tcells","neg","Regulation Of Apoptotic Signaling Pathway","Apoptotic Signaling Pathway"
"Biliary-AdenoCA",33,4,0.121212121212121,0.148571428571429,"Tcells","neg","Regulation Of Apoptotic Signaling Pathway","Apoptotic Signaling Pathway"
"Kidney-RCC",143,17,0.118881118881119,0.148571428571429,"Tcells","neg","Regulation Of Apoptotic Signaling Pathway","Apoptotic Signaling Pathway"
"Panc-Endocrine",85,8,0.0941176470588235,0.148571428571429,"Tcells","neg","Regulation Of Apoptotic Signaling Pathway","Apoptotic Signaling Pathway"
"Myeloid-MPN",23,2,0.0869565217391304,0.148571428571429,"Tcells","neg","Regulation Of Apoptotic Signaling Pathway","Apoptotic Signaling Pathway"
"Bone-Osteosarc",38,3,0.0789473684210526,0.148571428571429,"Tcells","neg","Regulation Of Apoptotic Signaling Pathway","Apoptotic Signaling Pathway"
"Panc-AdenoCA",237,17,0.0717299578059072,0.148571428571429,"Tcells","neg","Regulation Of Apoptotic Signaling Pathway","Apoptotic Signaling Pathway"
"Prost-AdenoCA",210,12,0.0571428571428571,0.148571428571429,"Tcells","neg","Regulation Of Apoptotic Signaling Pathway","Apoptotic Signaling Pathway"
"Cervix-SCC",18,1,0.0555555555555556,0.148571428571429,"Tcells","neg","Regulation Of Apoptotic Signaling Pathway","Apoptotic Signaling Pathway"
"CNS-Oligo",18,1,0.0555555555555556,0.148571428571429,"Tcells","neg","Regulation Of Apoptotic Signaling Pathway","Apoptotic Signaling Pathway"
"SoftTissue-Liposarc",19,1,0.0526315789473684,0.148571428571429,"Tcells","neg","Regulation Of Apoptotic Signaling Pathway","Apoptotic Signaling Pathway"
"Kidney-ChRCC",45,2,0.0444444444444444,0.148571428571429,"Tcells","neg","Regulation Of Apoptotic Signaling Pathway","Apoptotic Signaling Pathway"
"Lymph-CLL",95,3,0.0315789473684211,0.148571428571429,"Tcells","neg","Regulation Of Apoptotic Signaling Pathway","Apoptotic Signaling Pathway"
"CNS-Medullo",146,4,0.0273972602739726,0.148571428571429,"Tcells","neg","Regulation Of Apoptotic Signaling Pathway","Apoptotic Signaling Pathway"
"Bone-Benign",16,0,0,0.148571428571429,"Tcells","neg","Regulation Of Apoptotic Signaling Pathway","Apoptotic Signaling Pathway"
"Bone-Epith",10,0,0,0.148571428571429,"Tcells","neg","Regulation Of Apoptotic Signaling Pathway","Apoptotic Signaling Pathway"
"Breast-DCIS",3,0,0,0.148571428571429,"Tcells","neg","Regulation Of Apoptotic Signaling Pathway","Apoptotic Signaling Pathway"
"Cervix-AdenoCA",2,0,0,0.148571428571429,"Tcells","neg","Regulation Of Apoptotic Signaling Pathway","Apoptotic Signaling Pathway"
"CNS-PiloAstro",89,0,0,0.148571428571429,"Tcells","neg","Regulation Of Apoptotic Signaling Pathway","Apoptotic Signaling Pathway"
"Myeloid-AML",13,0,0,0.148571428571429,"Tcells","neg","Regulation Of Apoptotic Signaling Pathway","Apoptotic Signaling Pathway"
"Myeloid-MDS",2,0,0,0.148571428571429,"Tcells","neg","Regulation Of Apoptotic Signaling Pathway","Apoptotic Signaling Pathway"
"Thy-AdenoCA",48,0,0,0.148571428571429,"Tcells","neg","Regulation Of Apoptotic Signaling Pathway","Apoptotic Signaling Pathway"
"Lymph-BNHL",107,39,0.364485981308411,0.107809523809524,"Tcells","neg","Autophagy","Autophagy"
"Skin-Melanoma",106,35,0.330188679245283,0.107809523809524,"Tcells","neg","Autophagy","Autophagy"
"Bladder-TCC",23,7,0.304347826086957,0.107809523809524,"Tcells","neg","Autophagy","Autophagy"
"Lung-AdenoCA",38,11,0.289473684210526,0.107809523809524,"Tcells","neg","Autophagy","Autophagy"
"Lung-SCC",48,13,0.270833333333333,0.107809523809524,"Tcells","neg","Autophagy","Autophagy"
"ColoRect-AdenoCA",52,11,0.211538461538462,0.107809523809524,"Tcells","neg","Autophagy","Autophagy"
"SoftTissue-Leiomyo",15,3,0.2,0.107809523809524,"Tcells","neg","Autophagy","Autophagy"
"Cervix-SCC",18,3,0.166666666666667,0.107809523809524,"Tcells","neg","Autophagy","Autophagy"
"Liver-HCC",315,49,0.155555555555556,0.107809523809524,"Tcells","neg","Autophagy","Autophagy"
"Head-SCC",57,8,0.140350877192982,0.107809523809524,"Tcells","neg","Autophagy","Autophagy"
"Kidney-ChRCC",45,6,0.133333333333333,0.107809523809524,"Tcells","neg","Autophagy","Autophagy"
"Stomach-AdenoCA",69,9,0.130434782608696,0.107809523809524,"Tcells","neg","Autophagy","Autophagy"
"Uterus-AdenoCA",40,4,0.1,0.107809523809524,"Tcells","neg","Autophagy","Autophagy"
"Eso-AdenoCA",98,9,0.0918367346938776,0.107809523809524,"Tcells","neg","Autophagy","Autophagy"
"Breast-LobularCA",13,1,0.0769230769230769,0.107809523809524,"Tcells","neg","Autophagy","Autophagy"
"Kidney-RCC",143,11,0.0769230769230769,0.107809523809524,"Tcells","neg","Autophagy","Autophagy"
"Breast-AdenoCA",198,15,0.0757575757575758,0.107809523809524,"Tcells","neg","Autophagy","Autophagy"
"CNS-GBM",41,3,0.0731707317073171,0.107809523809524,"Tcells","neg","Autophagy","Autophagy"
"Ovary-AdenoCA",112,8,0.0714285714285714,0.107809523809524,"Tcells","neg","Autophagy","Autophagy"
"Biliary-AdenoCA",33,2,0.0606060606060606,0.107809523809524,"Tcells","neg","Autophagy","Autophagy"
"Panc-Endocrine",85,5,0.0588235294117647,0.107809523809524,"Tcells","neg","Autophagy","Autophagy"
"CNS-Oligo",18,1,0.0555555555555556,0.107809523809524,"Tcells","neg","Autophagy","Autophagy"
"Panc-AdenoCA",237,13,0.0548523206751055,0.107809523809524,"Tcells","neg","Autophagy","Autophagy"
"SoftTissue-Liposarc",19,1,0.0526315789473684,0.107809523809524,"Tcells","neg","Autophagy","Autophagy"
"CNS-Medullo",146,5,0.0342465753424658,0.107809523809524,"Tcells","neg","Autophagy","Autophagy"
"Lymph-CLL",95,3,0.0315789473684211,0.107809523809524,"Tcells","neg","Autophagy","Autophagy"
"Prost-AdenoCA",210,6,0.0285714285714286,0.107809523809524,"Tcells","neg","Autophagy","Autophagy"
"Bone-Osteosarc",38,1,0.0263157894736842,0.107809523809524,"Tcells","neg","Autophagy","Autophagy"
"CNS-PiloAstro",89,1,0.0112359550561798,0.107809523809524,"Tcells","neg","Autophagy","Autophagy"
"Bone-Benign",16,0,0,0.107809523809524,"Tcells","neg","Autophagy","Autophagy"
"Bone-Epith",10,0,0,0.107809523809524,"Tcells","neg","Autophagy","Autophagy"
"Breast-DCIS",3,0,0,0.107809523809524,"Tcells","neg","Autophagy","Autophagy"
"Cervix-AdenoCA",2,0,0,0.107809523809524,"Tcells","neg","Autophagy","Autophagy"
"Myeloid-AML",13,0,0,0.107809523809524,"Tcells","neg","Autophagy","Autophagy"
"Myeloid-MDS",2,0,0,0.107809523809524,"Tcells","neg","Autophagy","Autophagy"
"Myeloid-MPN",23,0,0,0.107809523809524,"Tcells","neg","Autophagy","Autophagy"
"Thy-AdenoCA",48,0,0,0.107809523809524,"Tcells","neg","Autophagy","Autophagy"
"ColoRect-AdenoCA",52,15,0.288461538461538,0.0838095238095238,"Tcells","neg","Regulation Of Response To Cytokine Stimulus","Response to Cytokine Stimulus"
"Skin-Melanoma",106,28,0.264150943396226,0.0838095238095238,"Tcells","neg","Regulation Of Response To Cytokine Stimulus","Response to Cytokine Stimulus"
"Lymph-BNHL",107,27,0.252336448598131,0.0838095238095238,"Tcells","neg","Regulation Of Response To Cytokine Stimulus","Response to Cytokine Stimulus"
"Bladder-TCC",23,4,0.173913043478261,0.0838095238095238,"Tcells","neg","Regulation Of Response To Cytokine Stimulus","Response to Cytokine Stimulus"
"Lung-SCC",48,8,0.166666666666667,0.0838095238095238,"Tcells","neg","Regulation Of Response To Cytokine Stimulus","Response to Cytokine Stimulus"
"Lung-AdenoCA",38,6,0.157894736842105,0.0838095238095238,"Tcells","neg","Regulation Of Response To Cytokine Stimulus","Response to Cytokine Stimulus"
"Head-SCC",57,7,0.12280701754386,0.0838095238095238,"Tcells","neg","Regulation Of Response To Cytokine Stimulus","Response to Cytokine Stimulus"
"Biliary-AdenoCA",33,4,0.121212121212121,0.0838095238095238,"Tcells","neg","Regulation Of Response To Cytokine Stimulus","Response to Cytokine Stimulus"
"Eso-AdenoCA",98,11,0.112244897959184,0.0838095238095238,"Tcells","neg","Regulation Of Response To Cytokine Stimulus","Response to Cytokine Stimulus"
"CNS-Oligo",18,2,0.111111111111111,0.0838095238095238,"Tcells","neg","Regulation Of Response To Cytokine Stimulus","Response to Cytokine Stimulus"
"Liver-HCC",315,35,0.111111111111111,0.0838095238095238,"Tcells","neg","Regulation Of Response To Cytokine Stimulus","Response to Cytokine Stimulus"
"SoftTissue-Liposarc",19,2,0.105263157894737,0.0838095238095238,"Tcells","neg","Regulation Of Response To Cytokine Stimulus","Response to Cytokine Stimulus"
"Bone-Osteosarc",38,3,0.0789473684210526,0.0838095238095238,"Tcells","neg","Regulation Of Response To Cytokine Stimulus","Response to Cytokine Stimulus"
"Breast-AdenoCA",198,15,0.0757575757575758,0.0838095238095238,"Tcells","neg","Regulation Of Response To Cytokine Stimulus","Response to Cytokine Stimulus"
"Uterus-AdenoCA",40,3,0.075,0.0838095238095238,"Tcells","neg","Regulation Of Response To Cytokine Stimulus","Response to Cytokine Stimulus"
"CNS-GBM",41,3,0.0731707317073171,0.0838095238095238,"Tcells","neg","Regulation Of Response To Cytokine Stimulus","Response to Cytokine Stimulus"
"Stomach-AdenoCA",69,5,0.072463768115942,0.0838095238095238,"Tcells","neg","Regulation Of Response To Cytokine Stimulus","Response to Cytokine Stimulus"
"SoftTissue-Leiomyo",15,1,0.0666666666666667,0.0838095238095238,"Tcells","neg","Regulation Of Response To Cytokine Stimulus","Response to Cytokine Stimulus"
"Ovary-AdenoCA",112,7,0.0625,0.0838095238095238,"Tcells","neg","Regulation Of Response To Cytokine Stimulus","Response to Cytokine Stimulus"
"Kidney-RCC",143,8,0.0559440559440559,0.0838095238095238,"Tcells","neg","Regulation Of Response To Cytokine Stimulus","Response to Cytokine Stimulus"
"Cervix-SCC",18,1,0.0555555555555556,0.0838095238095238,"Tcells","neg","Regulation Of Response To Cytokine Stimulus","Response to Cytokine Stimulus"
"Kidney-ChRCC",45,2,0.0444444444444444,0.0838095238095238,"Tcells","neg","Regulation Of Response To Cytokine Stimulus","Response to Cytokine Stimulus"
"Myeloid-MPN",23,1,0.0434782608695652,0.0838095238095238,"Tcells","neg","Regulation Of Response To Cytokine Stimulus","Response to Cytokine Stimulus"
"Panc-AdenoCA",237,10,0.0421940928270042,0.0838095238095238,"Tcells","neg","Regulation Of Response To Cytokine Stimulus","Response to Cytokine Stimulus"
"Lymph-CLL",95,3,0.0315789473684211,0.0838095238095238,"Tcells","neg","Regulation Of Response To Cytokine Stimulus","Response to Cytokine Stimulus"
"Panc-Endocrine",85,2,0.0235294117647059,0.0838095238095238,"Tcells","neg","Regulation Of Response To Cytokine Stimulus","Response to Cytokine Stimulus"
"CNS-PiloAstro",89,2,0.0224719101123595,0.0838095238095238,"Tcells","neg","Regulation Of Response To Cytokine Stimulus","Response to Cytokine Stimulus"
"Thy-AdenoCA",48,1,0.0208333333333333,0.0838095238095238,"Tcells","neg","Regulation Of Response To Cytokine Stimulus","Response to Cytokine Stimulus"
"CNS-Medullo",146,2,0.0136986301369863,0.0838095238095238,"Tcells","neg","Regulation Of Response To Cytokine Stimulus","Response to Cytokine Stimulus"
"Prost-AdenoCA",210,2,0.00952380952380952,0.0838095238095238,"Tcells","neg","Regulation Of Response To Cytokine Stimulus","Response to Cytokine Stimulus"
"Bone-Benign",16,0,0,0.0838095238095238,"Tcells","neg","Regulation Of Response To Cytokine Stimulus","Response to Cytokine Stimulus"
"Bone-Epith",10,0,0,0.0838095238095238,"Tcells","neg","Regulation Of Response To Cytokine Stimulus","Response to Cytokine Stimulus"
"Breast-DCIS",3,0,0,0.0838095238095238,"Tcells","neg","Regulation Of Response To Cytokine Stimulus","Response to Cytokine Stimulus"
"Breast-LobularCA",13,0,0,0.0838095238095238,"Tcells","neg","Regulation Of Response To Cytokine Stimulus","Response to Cytokine Stimulus"
"Cervix-AdenoCA",2,0,0,0.0838095238095238,"Tcells","neg","Regulation Of Response To Cytokine Stimulus","Response to Cytokine Stimulus"
"Myeloid-AML",13,0,0,0.0838095238095238,"Tcells","neg","Regulation Of Response To Cytokine Stimulus","Response to Cytokine Stimulus"
"Myeloid-MDS",2,0,0,0.0838095238095238,"Tcells","neg","Regulation Of Response To Cytokine Stimulus","Response to Cytokine Stimulus"
"Lung-SCC",48,10,0.208333333333333,0.0525714285714286,"Tcells","neg","Lipoprotein Biosynthetic Process","Lipoprotein Biosynthetic Process"
"Skin-Melanoma",106,22,0.207547169811321,0.0525714285714286,"Tcells","neg","Lipoprotein Biosynthetic Process","Lipoprotein Biosynthetic Process"
"ColoRect-AdenoCA",52,8,0.153846153846154,0.0525714285714286,"Tcells","neg","Lipoprotein Biosynthetic Process","Lipoprotein Biosynthetic Process"
"SoftTissue-Leiomyo",15,2,0.133333333333333,0.0525714285714286,"Tcells","neg","Lipoprotein Biosynthetic Process","Lipoprotein Biosynthetic Process"
"Lung-AdenoCA",38,4,0.105263157894737,0.0525714285714286,"Tcells","neg","Lipoprotein Biosynthetic Process","Lipoprotein Biosynthetic Process"
"Head-SCC",57,5,0.087719298245614,0.0525714285714286,"Tcells","neg","Lipoprotein Biosynthetic Process","Lipoprotein Biosynthetic Process"
"Bladder-TCC",23,2,0.0869565217391304,0.0525714285714286,"Tcells","neg","Lipoprotein Biosynthetic Process","Lipoprotein Biosynthetic Process"
"Uterus-AdenoCA",40,3,0.075,0.0525714285714286,"Tcells","neg","Lipoprotein Biosynthetic Process","Lipoprotein Biosynthetic Process"
"Eso-AdenoCA",98,7,0.0714285714285714,0.0525714285714286,"Tcells","neg","Lipoprotein Biosynthetic Process","Lipoprotein Biosynthetic Process"
"Liver-HCC",315,22,0.0698412698412698,0.0525714285714286,"Tcells","neg","Lipoprotein Biosynthetic Process","Lipoprotein Biosynthetic Process"
"Ovary-AdenoCA",112,7,0.0625,0.0525714285714286,"Tcells","neg","Lipoprotein Biosynthetic Process","Lipoprotein Biosynthetic Process"
"Cervix-SCC",18,1,0.0555555555555556,0.0525714285714286,"Tcells","neg","Lipoprotein Biosynthetic Process","Lipoprotein Biosynthetic Process"
"CNS-Oligo",18,1,0.0555555555555556,0.0525714285714286,"Tcells","neg","Lipoprotein Biosynthetic Process","Lipoprotein Biosynthetic Process"
"SoftTissue-Liposarc",19,1,0.0526315789473684,0.0525714285714286,"Tcells","neg","Lipoprotein Biosynthetic Process","Lipoprotein Biosynthetic Process"
"Breast-AdenoCA",198,10,0.0505050505050505,0.0525714285714286,"Tcells","neg","Lipoprotein Biosynthetic Process","Lipoprotein Biosynthetic Process"
"Kidney-RCC",143,7,0.048951048951049,0.0525714285714286,"Tcells","neg","Lipoprotein Biosynthetic Process","Lipoprotein Biosynthetic Process"
"CNS-GBM",41,2,0.048780487804878,0.0525714285714286,"Tcells","neg","Lipoprotein Biosynthetic Process","Lipoprotein Biosynthetic Process"
"Kidney-ChRCC",45,2,0.0444444444444444,0.0525714285714286,"Tcells","neg","Lipoprotein Biosynthetic Process","Lipoprotein Biosynthetic Process"
"Stomach-AdenoCA",69,3,0.0434782608695652,0.0525714285714286,"Tcells","neg","Lipoprotein Biosynthetic Process","Lipoprotein Biosynthetic Process"
"Panc-AdenoCA",237,8,0.0337552742616034,0.0525714285714286,"Tcells","neg","Lipoprotein Biosynthetic Process","Lipoprotein Biosynthetic Process"
"Lymph-BNHL",107,3,0.0280373831775701,0.0525714285714286,"Tcells","neg","Lipoprotein Biosynthetic Process","Lipoprotein Biosynthetic Process"
"Panc-Endocrine",85,2,0.0235294117647059,0.0525714285714286,"Tcells","neg","Lipoprotein Biosynthetic Process","Lipoprotein Biosynthetic Process"
"Prost-AdenoCA",210,4,0.019047619047619,0.0525714285714286,"Tcells","neg","Lipoprotein Biosynthetic Process","Lipoprotein Biosynthetic Process"
"CNS-Medullo",146,2,0.0136986301369863,0.0525714285714286,"Tcells","neg","Lipoprotein Biosynthetic Process","Lipoprotein Biosynthetic Process"
"Biliary-AdenoCA",33,0,0,0.0525714285714286,"Tcells","neg","Lipoprotein Biosynthetic Process","Lipoprotein Biosynthetic Process"
"Bone-Benign",16,0,0,0.0525714285714286,"Tcells","neg","Lipoprotein Biosynthetic Process","Lipoprotein Biosynthetic Process"
"Bone-Epith",10,0,0,0.0525714285714286,"Tcells","neg","Lipoprotein Biosynthetic Process","Lipoprotein Biosynthetic Process"
"Bone-Osteosarc",38,0,0,0.0525714285714286,"Tcells","neg","Lipoprotein Biosynthetic Process","Lipoprotein Biosynthetic Process"
"Breast-DCIS",3,0,0,0.0525714285714286,"Tcells","neg","Lipoprotein Biosynthetic Process","Lipoprotein Biosynthetic Process"
"Breast-LobularCA",13,0,0,0.0525714285714286,"Tcells","neg","Lipoprotein Biosynthetic Process","Lipoprotein Biosynthetic Process"
"Cervix-AdenoCA",2,0,0,0.0525714285714286,"Tcells","neg","Lipoprotein Biosynthetic Process","Lipoprotein Biosynthetic Process"
"CNS-PiloAstro",89,0,0,0.0525714285714286,"Tcells","neg","Lipoprotein Biosynthetic Process","Lipoprotein Biosynthetic Process"
"Lymph-CLL",95,0,0,0.0525714285714286,"Tcells","neg","Lipoprotein Biosynthetic Process","Lipoprotein Biosynthetic Process"
"Myeloid-AML",13,0,0,0.0525714285714286,"Tcells","neg","Lipoprotein Biosynthetic Process","Lipoprotein Biosynthetic Process"
"Myeloid-MDS",2,0,0,0.0525714285714286,"Tcells","neg","Lipoprotein Biosynthetic Process","Lipoprotein Biosynthetic Process"
"Myeloid-MPN",23,0,0,0.0525714285714286,"Tcells","neg","Lipoprotein Biosynthetic Process","Lipoprotein Biosynthetic Process"
"Thy-AdenoCA",48,0,0,0.0525714285714286,"Tcells","neg","Lipoprotein Biosynthetic Process","Lipoprotein Biosynthetic Process"
"Head-SCC",57,12,0.210526315789474,0.0514285714285714,"Tcells","pos","Necroptosis","Necroptosis"
"Bladder-TCC",23,4,0.173913043478261,0.0514285714285714,"Tcells","pos","Necroptosis","Necroptosis"
"Cervix-SCC",18,3,0.166666666666667,0.0514285714285714,"Tcells","pos","Necroptosis","Necroptosis"
"ColoRect-AdenoCA",52,7,0.134615384615385,0.0514285714285714,"Tcells","pos","Necroptosis","Necroptosis"
"Stomach-AdenoCA",69,8,0.115942028985507,0.0514285714285714,"Tcells","pos","Necroptosis","Necroptosis"
"Skin-Melanoma",106,12,0.113207547169811,0.0514285714285714,"Tcells","pos","Necroptosis","Necroptosis"
"Lung-AdenoCA",38,4,0.105263157894737,0.0514285714285714,"Tcells","pos","Necroptosis","Necroptosis"
"Bone-Epith",10,1,0.1,0.0514285714285714,"Tcells","pos","Necroptosis","Necroptosis"
"Lymph-BNHL",107,9,0.0841121495327103,0.0514285714285714,"Tcells","pos","Necroptosis","Necroptosis"
"Liver-HCC",315,22,0.0698412698412698,0.0514285714285714,"Tcells","pos","Necroptosis","Necroptosis"
"Kidney-RCC",143,8,0.0559440559440559,0.0514285714285714,"Tcells","pos","Necroptosis","Necroptosis"
"Panc-AdenoCA",237,13,0.0548523206751055,0.0514285714285714,"Tcells","pos","Necroptosis","Necroptosis"
"Eso-AdenoCA",98,5,0.0510204081632653,0.0514285714285714,"Tcells","pos","Necroptosis","Necroptosis"
"Uterus-AdenoCA",40,2,0.05,0.0514285714285714,"Tcells","pos","Necroptosis","Necroptosis"
"Myeloid-MPN",23,1,0.0434782608695652,0.0514285714285714,"Tcells","pos","Necroptosis","Necroptosis"
"Lung-SCC",48,2,0.0416666666666667,0.0514285714285714,"Tcells","pos","Necroptosis","Necroptosis"
"Breast-AdenoCA",198,8,0.0404040404040404,0.0514285714285714,"Tcells","pos","Necroptosis","Necroptosis"
"Ovary-AdenoCA",112,4,0.0357142857142857,0.0514285714285714,"Tcells","pos","Necroptosis","Necroptosis"
"Bone-Osteosarc",38,1,0.0263157894736842,0.0514285714285714,"Tcells","pos","Necroptosis","Necroptosis"
"CNS-GBM",41,1,0.024390243902439,0.0514285714285714,"Tcells","pos","Necroptosis","Necroptosis"
"Lymph-CLL",95,2,0.0210526315789474,0.0514285714285714,"Tcells","pos","Necroptosis","Necroptosis"
"Thy-AdenoCA",48,1,0.0208333333333333,0.0514285714285714,"Tcells","pos","Necroptosis","Necroptosis"
"Prost-AdenoCA",210,3,0.0142857142857143,0.0514285714285714,"Tcells","pos","Necroptosis","Necroptosis"
"Panc-Endocrine",85,1,0.0117647058823529,0.0514285714285714,"Tcells","pos","Necroptosis","Necroptosis"
"CNS-Medullo",146,1,0.00684931506849315,0.0514285714285714,"Tcells","pos","Necroptosis","Necroptosis"
"Biliary-AdenoCA",33,0,0,0.0514285714285714,"Tcells","pos","Necroptosis","Necroptosis"
"Bone-Benign",16,0,0,0.0514285714285714,"Tcells","pos","Necroptosis","Necroptosis"
"Breast-DCIS",3,0,0,0.0514285714285714,"Tcells","pos","Necroptosis","Necroptosis"
"Breast-LobularCA",13,0,0,0.0514285714285714,"Tcells","pos","Necroptosis","Necroptosis"
"Cervix-AdenoCA",2,0,0,0.0514285714285714,"Tcells","pos","Necroptosis","Necroptosis"
"CNS-Oligo",18,0,0,0.0514285714285714,"Tcells","pos","Necroptosis","Necroptosis"
"CNS-PiloAstro",89,0,0,0.0514285714285714,"Tcells","pos","Necroptosis","Necroptosis"
"Kidney-ChRCC",45,0,0,0.0514285714285714,"Tcells","pos","Necroptosis","Necroptosis"
"Myeloid-AML",13,0,0,0.0514285714285714,"Tcells","pos","Necroptosis","Necroptosis"
"Myeloid-MDS",2,0,0,0.0514285714285714,"Tcells","pos","Necroptosis","Necroptosis"
"SoftTissue-Leiomyo",15,0,0,0.0514285714285714,"Tcells","pos","Necroptosis","Necroptosis"
"SoftTissue-Liposarc",19,0,0,0.0514285714285714,"Tcells","pos","Necroptosis","Necroptosis"
"Bladder-TCC",23,5,0.217391304347826,0.0460952380952381,"Tcells","pos","Interferon Gamma Signaling","IFNg Signaling"
"Lymph-BNHL",107,19,0.177570093457944,0.0460952380952381,"Tcells","pos","Interferon Gamma Signaling","IFNg Signaling"
"ColoRect-AdenoCA",52,9,0.173076923076923,0.0460952380952381,"Tcells","pos","Interferon Gamma Signaling","IFNg Signaling"
"Head-SCC",57,7,0.12280701754386,0.0460952380952381,"Tcells","pos","Interferon Gamma Signaling","IFNg Signaling"
"Stomach-AdenoCA",69,7,0.101449275362319,0.0460952380952381,"Tcells","pos","Interferon Gamma Signaling","IFNg Signaling"
"Skin-Melanoma",106,10,0.0943396226415094,0.0460952380952381,"Tcells","pos","Interferon Gamma Signaling","IFNg Signaling"
"Myeloid-MPN",23,2,0.0869565217391304,0.0460952380952381,"Tcells","pos","Interferon Gamma Signaling","IFNg Signaling"
"Lung-SCC",48,4,0.0833333333333333,0.0460952380952381,"Tcells","pos","Interferon Gamma Signaling","IFNg Signaling"
"Breast-LobularCA",13,1,0.0769230769230769,0.0460952380952381,"Tcells","pos","Interferon Gamma Signaling","IFNg Signaling"
"Eso-AdenoCA",98,6,0.0612244897959184,0.0460952380952381,"Tcells","pos","Interferon Gamma Signaling","IFNg Signaling"
"Lung-AdenoCA",38,2,0.0526315789473684,0.0460952380952381,"Tcells","pos","Interferon Gamma Signaling","IFNg Signaling"
"SoftTissue-Liposarc",19,1,0.0526315789473684,0.0460952380952381,"Tcells","pos","Interferon Gamma Signaling","IFNg Signaling"
"Panc-AdenoCA",237,11,0.0464135021097046,0.0460952380952381,"Tcells","pos","Interferon Gamma Signaling","IFNg Signaling"
"Kidney-RCC",143,6,0.041958041958042,0.0460952380952381,"Tcells","pos","Interferon Gamma Signaling","IFNg Signaling"
"Thy-AdenoCA",48,2,0.0416666666666667,0.0460952380952381,"Tcells","pos","Interferon Gamma Signaling","IFNg Signaling"
"Liver-HCC",315,10,0.0317460317460317,0.0460952380952381,"Tcells","pos","Interferon Gamma Signaling","IFNg Signaling"
"Breast-AdenoCA",198,6,0.0303030303030303,0.0460952380952381,"Tcells","pos","Interferon Gamma Signaling","IFNg Signaling"
"Bone-Osteosarc",38,1,0.0263157894736842,0.0460952380952381,"Tcells","pos","Interferon Gamma Signaling","IFNg Signaling"
"Uterus-AdenoCA",40,1,0.025,0.0460952380952381,"Tcells","pos","Interferon Gamma Signaling","IFNg Signaling"
"CNS-GBM",41,1,0.024390243902439,0.0460952380952381,"Tcells","pos","Interferon Gamma Signaling","IFNg Signaling"
"Prost-AdenoCA",210,5,0.0238095238095238,0.0460952380952381,"Tcells","pos","Interferon Gamma Signaling","IFNg Signaling"
"CNS-Medullo",146,2,0.0136986301369863,0.0460952380952381,"Tcells","pos","Interferon Gamma Signaling","IFNg Signaling"
"Panc-Endocrine",85,1,0.0117647058823529,0.0460952380952381,"Tcells","pos","Interferon Gamma Signaling","IFNg Signaling"
"Lymph-CLL",95,1,0.0105263157894737,0.0460952380952381,"Tcells","pos","Interferon Gamma Signaling","IFNg Signaling"
"Ovary-AdenoCA",112,1,0.00892857142857143,0.0460952380952381,"Tcells","pos","Interferon Gamma Signaling","IFNg Signaling"
"Biliary-AdenoCA",33,0,0,0.0460952380952381,"Tcells","pos","Interferon Gamma Signaling","IFNg Signaling"
"Bone-Benign",16,0,0,0.0460952380952381,"Tcells","pos","Interferon Gamma Signaling","IFNg Signaling"
"Bone-Epith",10,0,0,0.0460952380952381,"Tcells","pos","Interferon Gamma Signaling","IFNg Signaling"
"Breast-DCIS",3,0,0,0.0460952380952381,"Tcells","pos","Interferon Gamma Signaling","IFNg Signaling"
"Cervix-AdenoCA",2,0,0,0.0460952380952381,"Tcells","pos","Interferon Gamma Signaling","IFNg Signaling"
"Cervix-SCC",18,0,0,0.0460952380952381,"Tcells","pos","Interferon Gamma Signaling","IFNg Signaling"
"CNS-Oligo",18,0,0,0.0460952380952381,"Tcells","pos","Interferon Gamma Signaling","IFNg Signaling"
"CNS-PiloAstro",89,0,0,0.0460952380952381,"Tcells","pos","Interferon Gamma Signaling","IFNg Signaling"
"Kidney-ChRCC",45,0,0,0.0460952380952381,"Tcells","pos","Interferon Gamma Signaling","IFNg Signaling"
"Myeloid-AML",13,0,0,0.0460952380952381,"Tcells","pos","Interferon Gamma Signaling","IFNg Signaling"
"Myeloid-MDS",2,0,0,0.0460952380952381,"Tcells","pos","Interferon Gamma Signaling","IFNg Signaling"
"SoftTissue-Leiomyo",15,0,0,0.0460952380952381,"Tcells","pos","Interferon Gamma Signaling","IFNg Signaling"
"ColoRect-AdenoCA",52,10,0.192307692307692,0.0384761904761905,"Tcells","pos","Antigen Presentation: Folding, Assembly And Peptide Loading Of Class I Mhc","Antigen Presentation via MHC-I"
"Lymph-BNHL",107,20,0.186915887850467,0.0384761904761905,"Tcells","pos","Antigen Presentation: Folding, Assembly And Peptide Loading Of Class I Mhc","Antigen Presentation via MHC-I"
"Bladder-TCC",23,3,0.130434782608696,0.0384761904761905,"Tcells","pos","Antigen Presentation: Folding, Assembly And Peptide Loading Of Class I Mhc","Antigen Presentation via MHC-I"
"Lung-SCC",48,5,0.104166666666667,0.0384761904761905,"Tcells","pos","Antigen Presentation: Folding, Assembly And Peptide Loading Of Class I Mhc","Antigen Presentation via MHC-I"
"Myeloid-MPN",23,2,0.0869565217391304,0.0384761904761905,"Tcells","pos","Antigen Presentation: Folding, Assembly And Peptide Loading Of Class I Mhc","Antigen Presentation via MHC-I"
"Eso-AdenoCA",98,8,0.0816326530612245,0.0384761904761905,"Tcells","pos","Antigen Presentation: Folding, Assembly And Peptide Loading Of Class I Mhc","Antigen Presentation via MHC-I"
"Skin-Melanoma",106,6,0.0566037735849057,0.0384761904761905,"Tcells","pos","Antigen Presentation: Folding, Assembly And Peptide Loading Of Class I Mhc","Antigen Presentation via MHC-I"
"Head-SCC",57,3,0.0526315789473684,0.0384761904761905,"Tcells","pos","Antigen Presentation: Folding, Assembly And Peptide Loading Of Class I Mhc","Antigen Presentation via MHC-I"
"SoftTissue-Liposarc",19,1,0.0526315789473684,0.0384761904761905,"Tcells","pos","Antigen Presentation: Folding, Assembly And Peptide Loading Of Class I Mhc","Antigen Presentation via MHC-I"
"CNS-GBM",41,2,0.048780487804878,0.0384761904761905,"Tcells","pos","Antigen Presentation: Folding, Assembly And Peptide Loading Of Class I Mhc","Antigen Presentation via MHC-I"
"Stomach-AdenoCA",69,3,0.0434782608695652,0.0384761904761905,"Tcells","pos","Antigen Presentation: Folding, Assembly And Peptide Loading Of Class I Mhc","Antigen Presentation via MHC-I"
"Liver-HCC",315,12,0.0380952380952381,0.0384761904761905,"Tcells","pos","Antigen Presentation: Folding, Assembly And Peptide Loading Of Class I Mhc","Antigen Presentation via MHC-I"
"Panc-Endocrine",85,3,0.0352941176470588,0.0384761904761905,"Tcells","pos","Antigen Presentation: Folding, Assembly And Peptide Loading Of Class I Mhc","Antigen Presentation via MHC-I"
"Panc-AdenoCA",237,7,0.029535864978903,0.0384761904761905,"Tcells","pos","Antigen Presentation: Folding, Assembly And Peptide Loading Of Class I Mhc","Antigen Presentation via MHC-I"
"Ovary-AdenoCA",112,3,0.0267857142857143,0.0384761904761905,"Tcells","pos","Antigen Presentation: Folding, Assembly And Peptide Loading Of Class I Mhc","Antigen Presentation via MHC-I"
"Lung-AdenoCA",38,1,0.0263157894736842,0.0384761904761905,"Tcells","pos","Antigen Presentation: Folding, Assembly And Peptide Loading Of Class I Mhc","Antigen Presentation via MHC-I"
"Uterus-AdenoCA",40,1,0.025,0.0384761904761905,"Tcells","pos","Antigen Presentation: Folding, Assembly And Peptide Loading Of Class I Mhc","Antigen Presentation via MHC-I"
"Thy-AdenoCA",48,1,0.0208333333333333,0.0384761904761905,"Tcells","pos","Antigen Presentation: Folding, Assembly And Peptide Loading Of Class I Mhc","Antigen Presentation via MHC-I"
"Breast-AdenoCA",198,4,0.0202020202020202,0.0384761904761905,"Tcells","pos","Antigen Presentation: Folding, Assembly And Peptide Loading Of Class I Mhc","Antigen Presentation via MHC-I"
"Prost-AdenoCA",210,3,0.0142857142857143,0.0384761904761905,"Tcells","pos","Antigen Presentation: Folding, Assembly And Peptide Loading Of Class I Mhc","Antigen Presentation via MHC-I"
"Kidney-RCC",143,2,0.013986013986014,0.0384761904761905,"Tcells","pos","Antigen Presentation: Folding, Assembly And Peptide Loading Of Class I Mhc","Antigen Presentation via MHC-I"
"Lymph-CLL",95,1,0.0105263157894737,0.0384761904761905,"Tcells","pos","Antigen Presentation: Folding, Assembly And Peptide Loading Of Class I Mhc","Antigen Presentation via MHC-I"
"Biliary-AdenoCA",33,0,0,0.0384761904761905,"Tcells","pos","Antigen Presentation: Folding, Assembly And Peptide Loading Of Class I Mhc","Antigen Presentation via MHC-I"
"Bone-Benign",16,0,0,0.0384761904761905,"Tcells","pos","Antigen Presentation: Folding, Assembly And Peptide Loading Of Class I Mhc","Antigen Presentation via MHC-I"
"Bone-Epith",10,0,0,0.0384761904761905,"Tcells","pos","Antigen Presentation: Folding, Assembly And Peptide Loading Of Class I Mhc","Antigen Presentation via MHC-I"
"Bone-Osteosarc",38,0,0,0.0384761904761905,"Tcells","pos","Antigen Presentation: Folding, Assembly And Peptide Loading Of Class I Mhc","Antigen Presentation via MHC-I"
"Breast-DCIS",3,0,0,0.0384761904761905,"Tcells","pos","Antigen Presentation: Folding, Assembly And Peptide Loading Of Class I Mhc","Antigen Presentation via MHC-I"
"Breast-LobularCA",13,0,0,0.0384761904761905,"Tcells","pos","Antigen Presentation: Folding, Assembly And Peptide Loading Of Class I Mhc","Antigen Presentation via MHC-I"
"Cervix-AdenoCA",2,0,0,0.0384761904761905,"Tcells","pos","Antigen Presentation: Folding, Assembly And Peptide Loading Of Class I Mhc","Antigen Presentation via MHC-I"
"Cervix-SCC",18,0,0,0.0384761904761905,"Tcells","pos","Antigen Presentation: Folding, Assembly And Peptide Loading Of Class I Mhc","Antigen Presentation via MHC-I"
"CNS-Medullo",146,0,0,0.0384761904761905,"Tcells","pos","Antigen Presentation: Folding, Assembly And Peptide Loading Of Class I Mhc","Antigen Presentation via MHC-I"
"CNS-Oligo",18,0,0,0.0384761904761905,"Tcells","pos","Antigen Presentation: Folding, Assembly And Peptide Loading Of Class I Mhc","Antigen Presentation via MHC-I"
"CNS-PiloAstro",89,0,0,0.0384761904761905,"Tcells","pos","Antigen Presentation: Folding, Assembly And Peptide Loading Of Class I Mhc","Antigen Presentation via MHC-I"
"Kidney-ChRCC",45,0,0,0.0384761904761905,"Tcells","pos","Antigen Presentation: Folding, Assembly And Peptide Loading Of Class I Mhc","Antigen Presentation via MHC-I"
"Myeloid-AML",13,0,0,0.0384761904761905,"Tcells","pos","Antigen Presentation: Folding, Assembly And Peptide Loading Of Class I Mhc","Antigen Presentation via MHC-I"
"Myeloid-MDS",2,0,0,0.0384761904761905,"Tcells","pos","Antigen Presentation: Folding, Assembly And Peptide Loading Of Class I Mhc","Antigen Presentation via MHC-I"
"SoftTissue-Leiomyo",15,0,0,0.0384761904761905,"Tcells","pos","Antigen Presentation: Folding, Assembly And Peptide Loading Of Class I Mhc","Antigen Presentation via MHC-I"
"Head-SCC",57,10,0.175438596491228,0.0243809523809524,"Tcells","pos","Tnf Pathway","TNF Pathway"
"Cervix-SCC",18,2,0.111111111111111,0.0243809523809524,"Tcells","pos","Tnf Pathway","TNF Pathway"
"Bladder-TCC",23,2,0.0869565217391304,0.0243809523809524,"Tcells","pos","Tnf Pathway","TNF Pathway"
"Lung-AdenoCA",38,3,0.0789473684210526,0.0243809523809524,"Tcells","pos","Tnf Pathway","TNF Pathway"
"ColoRect-AdenoCA",52,4,0.0769230769230769,0.0243809523809524,"Tcells","pos","Tnf Pathway","TNF Pathway"
"Stomach-AdenoCA",69,4,0.0579710144927536,0.0243809523809524,"Tcells","pos","Tnf Pathway","TNF Pathway"
"Skin-Melanoma",106,6,0.0566037735849057,0.0243809523809524,"Tcells","pos","Tnf Pathway","TNF Pathway"
"Lymph-BNHL",107,5,0.0467289719626168,0.0243809523809524,"Tcells","pos","Tnf Pathway","TNF Pathway"
"Liver-HCC",315,14,0.0444444444444444,0.0243809523809524,"Tcells","pos","Tnf Pathway","TNF Pathway"
"Lung-SCC",48,2,0.0416666666666667,0.0243809523809524,"Tcells","pos","Tnf Pathway","TNF Pathway"
"CNS-GBM",41,1,0.024390243902439,0.0243809523809524,"Tcells","pos","Tnf Pathway","TNF Pathway"
"Eso-AdenoCA",98,2,0.0204081632653061,0.0243809523809524,"Tcells","pos","Tnf Pathway","TNF Pathway"
"Ovary-AdenoCA",112,2,0.0178571428571429,0.0243809523809524,"Tcells","pos","Tnf Pathway","TNF Pathway"
"Lymph-CLL",95,1,0.0105263157894737,0.0243809523809524,"Tcells","pos","Tnf Pathway","TNF Pathway"
"Breast-AdenoCA",198,2,0.0101010101010101,0.0243809523809524,"Tcells","pos","Tnf Pathway","TNF Pathway"
"Panc-AdenoCA",237,2,0.00843881856540084,0.0243809523809524,"Tcells","pos","Tnf Pathway","TNF Pathway"
"Kidney-RCC",143,1,0.00699300699300699,0.0243809523809524,"Tcells","pos","Tnf Pathway","TNF Pathway"
"Prost-AdenoCA",210,1,0.00476190476190476,0.0243809523809524,"Tcells","pos","Tnf Pathway","TNF Pathway"
"Biliary-AdenoCA",33,0,0,0.0243809523809524,"Tcells","pos","Tnf Pathway","TNF Pathway"
"Bone-Benign",16,0,0,0.0243809523809524,"Tcells","pos","Tnf Pathway","TNF Pathway"
"Bone-Epith",10,0,0,0.0243809523809524,"Tcells","pos","Tnf Pathway","TNF Pathway"
"Bone-Osteosarc",38,0,0,0.0243809523809524,"Tcells","pos","Tnf Pathway","TNF Pathway"
"Breast-DCIS",3,0,0,0.0243809523809524,"Tcells","pos","Tnf Pathway","TNF Pathway"
"Breast-LobularCA",13,0,0,0.0243809523809524,"Tcells","pos","Tnf Pathway","TNF Pathway"
"Cervix-AdenoCA",2,0,0,0.0243809523809524,"Tcells","pos","Tnf Pathway","TNF Pathway"
"CNS-Medullo",146,0,0,0.0243809523809524,"Tcells","pos","Tnf Pathway","TNF Pathway"
"CNS-Oligo",18,0,0,0.0243809523809524,"Tcells","pos","Tnf Pathway","TNF Pathway"
"CNS-PiloAstro",89,0,0,0.0243809523809524,"Tcells","pos","Tnf Pathway","TNF Pathway"
"Kidney-ChRCC",45,0,0,0.0243809523809524,"Tcells","pos","Tnf Pathway","TNF Pathway"
"Myeloid-AML",13,0,0,0.0243809523809524,"Tcells","pos","Tnf Pathway","TNF Pathway"
"Myeloid-MDS",2,0,0,0.0243809523809524,"Tcells","pos","Tnf Pathway","TNF Pathway"
"Myeloid-MPN",23,0,0,0.0243809523809524,"Tcells","pos","Tnf Pathway","TNF Pathway"
"Panc-Endocrine",85,0,0,0.0243809523809524,"Tcells","pos","Tnf Pathway","TNF Pathway"
"SoftTissue-Leiomyo",15,0,0,0.0243809523809524,"Tcells","pos","Tnf Pathway","TNF Pathway"
"SoftTissue-Liposarc",19,0,0,0.0243809523809524,"Tcells","pos","Tnf Pathway","TNF Pathway"
"Thy-AdenoCA",48,0,0,0.0243809523809524,"Tcells","pos","Tnf Pathway","TNF Pathway"
"Uterus-AdenoCA",40,0,0,0.0243809523809524,"Tcells","pos","Tnf Pathway","TNF Pathway"
